"Status","Start Time","Stop Time","Duration in ms","Parent Suite","Suite","Sub Suite","Test Class","Test Method","Name","Description"
"passed","Mon Aug 16 15:50:41 PDT 2021","Mon Aug 16 15:51:13 PDT 2021","32228","","Reports","","","","Reports_01",""
"passed","Mon Aug 16 15:05:42 PDT 2021","Mon Aug 16 15:06:35 PDT 2021","53605","","EMToolsFacilityData","","","","EMToolsFacilityData_02",""
"failed","Mon Aug 16 15:48:56 PDT 2021","Mon Aug 16 15:49:12 PDT 2021","15976","","PortalSynchronize","","","","PortalSynchronize_01",""
"passed","Mon Aug 16 15:59:46 PDT 2021","Mon Aug 16 16:00:24 PDT 2021","38306","","Reports","","","","Reports_21",""
"passed","Mon Aug 16 13:24:06 PDT 2021","Mon Aug 16 13:24:44 PDT 2021","37510","","EISQuestionnaire","","","","EISQuestionnaire_66",""
"passed","Mon Aug 16 14:53:39 PDT 2021","Mon Aug 16 14:54:08 PDT 2021","29406","","EISQuestionnaireLO","","","","EISQuestionnaireLO_79",""
"passed","Mon Aug 16 13:50:39 PDT 2021","Mon Aug 16 13:51:16 PDT 2021","36598","","EISQuestionnaire","","","","EISQuestionnaire_104",""
"failed","Mon Aug 16 12:34:22 PDT 2021","Mon Aug 16 12:34:33 PDT 2021","11211","","DashboardPortal","","","","DashboardPortal_05",""
"failed","Mon Aug 16 12:48:11 PDT 2021","Mon Aug 16 12:48:45 PDT 2021","33813","","EISQuestionnaire","","","","EISQuestionnaire_11",""
"passed","Mon Aug 16 12:25:03 PDT 2021","Mon Aug 16 12:25:11 PDT 2021","8205","","AdminGroups","","","","AdminGroups_05",""
"passed","Mon Aug 16 12:27:22 PDT 2021","Mon Aug 16 12:27:27 PDT 2021","4995","","AdminSecurity","","","","AdminSecurity_21",""
"passed","Mon Aug 16 12:17:57 PDT 2021","Mon Aug 16 12:18:02 PDT 2021","4900","","AccessRightSecurity","","","","AccessRightSecurity_31",""
"passed","Mon Aug 16 12:36:14 PDT 2021","Mon Aug 16 12:36:31 PDT 2021","16988","","DocumentBrowser","","","","DocumentBrowser_01",""
"passed","Mon Aug 16 15:01:05 PDT 2021","Mon Aug 16 15:01:10 PDT 2021","5111","","Emissions.GHG.GWP","","","","Emissions.GHG.GWP_04",""
"passed","Mon Aug 16 12:28:14 PDT 2021","Mon Aug 16 12:28:18 PDT 2021","3470","","AdminSecurity","","","","AdminSecurity_31",""
"passed","Mon Aug 16 15:12:43 PDT 2021","Mon Aug 16 15:12:47 PDT 2021","3972","","EqtnExpression","","","","EqtnExpression_16",""
"passed","Mon Aug 16 15:11:14 PDT 2021","Mon Aug 16 15:11:27 PDT 2021","12920","","EqtnExpression","","","","EqtnExpression_13",""
"passed","Mon Aug 16 13:09:17 PDT 2021","Mon Aug 16 13:10:03 PDT 2021","46344","","EISQuestionnaire","","","","EISQuestionnaire_44",""
"passed","Mon Aug 16 12:39:51 PDT 2021","Mon Aug 16 12:40:00 PDT 2021","8793","","DshBrdAdmin","","","","DshBrdAdmin_08",""
"passed","Mon Aug 16 15:15:31 PDT 2021","Mon Aug 16 15:16:09 PDT 2021","37695","","GriddedEmissions","","","","GriddedEmissions_03",""
"passed","Mon Aug 16 12:48:45 PDT 2021","Mon Aug 16 12:49:00 PDT 2021","14865","","EISQuestionnaire","","","","EISQuestionnaire_12",""
"failed","Mon Aug 16 13:44:36 PDT 2021","Mon Aug 16 13:45:27 PDT 2021","51006","","EISQuestionnaire","","","","EISQuestionnaire_97",""
"passed","Mon Aug 16 16:10:33 PDT 2021","Mon Aug 16 16:10:37 PDT 2021","3673","","Url","","","","Url_25",""
"passed","Mon Aug 16 13:42:06 PDT 2021","Mon Aug 16 13:42:37 PDT 2021","30926","","EISQuestionnaire","","","","EISQuestionnaire_93",""
"passed","Mon Aug 16 15:13:46 PDT 2021","Mon Aug 16 15:13:51 PDT 2021","4595","","FacilityProfile","","","","FacilityProfile_05",""
"passed","Mon Aug 16 12:26:23 PDT 2021","Mon Aug 16 12:26:28 PDT 2021","4974","","AdminSecurity","","","","AdminSecurity_10",""
"failed","Mon Aug 16 14:01:32 PDT 2021","Mon Aug 16 14:02:11 PDT 2021","39546","","EISQuestionnaire","","","","EISQuestionnaire_114",""
"passed","Mon Aug 16 16:09:14 PDT 2021","Mon Aug 16 16:09:20 PDT 2021","6008","","Url","","","","Url_10",""
"failed","Mon Aug 16 15:54:22 PDT 2021","Mon Aug 16 15:54:38 PDT 2021","16044","","Reports","","","","Reports_10",""
"passed","Mon Aug 16 13:37:14 PDT 2021","Mon Aug 16 13:37:46 PDT 2021","31472","","EISQuestionnaire","","","","EISQuestionnaire_84",""
"passed","Mon Aug 16 12:17:44 PDT 2021","Mon Aug 16 12:17:51 PDT 2021","7132","","AccessRightSecurity","","","","AccessRightSecurity_29",""
"passed","Mon Aug 16 12:37:36 PDT 2021","Mon Aug 16 12:37:49 PDT 2021","13843","","DocumentBrowser","","","","DocumentBrowser_08",""
"passed","Mon Aug 16 15:55:17 PDT 2021","Mon Aug 16 15:56:02 PDT 2021","44490","","Reports","","","","Reports_12",""
"failed","Mon Aug 16 15:58:29 PDT 2021","Mon Aug 16 15:58:54 PDT 2021","24559","","Reports","","","","Reports_19",""
"passed","Mon Aug 16 12:41:07 PDT 2021","Mon Aug 16 12:41:11 PDT 2021","3891","","DshBrdMain","","","","DshBrdMain_14",""
"passed","Mon Aug 16 14:15:54 PDT 2021","Mon Aug 16 14:16:56 PDT 2021","62323","","EISQuestionnaireLO","","","","EISQuestionnaireLO_20",""
"passed","Mon Aug 16 14:36:49 PDT 2021","Mon Aug 16 14:37:24 PDT 2021","35807","","EISQuestionnaireLO","","","","EISQuestionnaireLO_53",""
"passed","Mon Aug 16 15:01:55 PDT 2021","Mon Aug 16 15:02:00 PDT 2021","4406","","EMToolsAmineGlycol","","","","EMToolsAmineGlycol_06",""
"failed","Mon Aug 16 12:50:16 PDT 2021","Mon Aug 16 12:50:26 PDT 2021","9970","","EISQuestionnaire","","","","EISQuestionnaire_18",""
"failed","Mon Aug 16 14:13:10 PDT 2021","Mon Aug 16 14:13:49 PDT 2021","39130","","EISQuestionnaireLO","","","","EISQuestionnaireLO_16",""
"passed","Mon Aug 16 12:40:08 PDT 2021","Mon Aug 16 12:40:11 PDT 2021","3631","","DshBrdMain","","","","DshBrdMain_02",""
"passed","Mon Aug 16 16:10:23 PDT 2021","Mon Aug 16 16:10:29 PDT 2021","5781","","Url","","","","Url_23",""
"passed","Mon Aug 16 16:09:44 PDT 2021","Mon Aug 16 16:09:50 PDT 2021","5897","","Url","","","","Url_16",""
"failed","Mon Aug 16 14:47:55 PDT 2021","Mon Aug 16 14:48:39 PDT 2021","44035","","EISQuestionnaireLO","","","","EISQuestionnaireLO_69",""
"failed","Mon Aug 16 12:31:57 PDT 2021","Mon Aug 16 12:32:13 PDT 2021","16099","","CompanyAndComplex","","","","CompanyAndComplex_02",""
"failed","Mon Aug 16 12:49:00 PDT 2021","Mon Aug 16 12:49:23 PDT 2021","23430","","EISQuestionnaire","","","","EISQuestionnaire_13",""
"failed","Mon Aug 16 15:49:12 PDT 2021","Mon Aug 16 15:49:25 PDT 2021","13702","","PortalSynchronize","","","","PortalSynchronize_02",""
"passed","Mon Aug 16 13:01:34 PDT 2021","Mon Aug 16 13:02:14 PDT 2021","39811","","EISQuestionnaire","","","","EISQuestionnaire_34",""
"passed","Mon Aug 16 16:00:56 PDT 2021","Mon Aug 16 16:01:30 PDT 2021","34506","","Reports","","","","Reports_23",""
"passed","Mon Aug 16 16:11:31 PDT 2021","Mon Aug 16 16:11:55 PDT 2021","23241","","WizEISExpImp","","","","WizEISExpImp_03",""
"passed","Mon Aug 16 13:41:01 PDT 2021","Mon Aug 16 13:41:32 PDT 2021","30643","","EISQuestionnaire","","","","EISQuestionnaire_91",""
"passed","Mon Aug 16 12:47:02 PDT 2021","Mon Aug 16 12:47:18 PDT 2021","16626","","EISQuestionnaire","","","","EISQuestionnaire_05",""
"failed","Mon Aug 16 13:45:28 PDT 2021","Mon Aug 16 13:46:18 PDT 2021","50960","","EISQuestionnaire","","","","EISQuestionnaire_98",""
"passed","Mon Aug 16 12:30:47 PDT 2021","Mon Aug 16 12:31:01 PDT 2021","13618","","AdminUser","","","","AdminUser_05",""
"passed","Mon Aug 16 14:11:22 PDT 2021","Mon Aug 16 14:11:59 PDT 2021","36800","","EISQuestionnaireLO","","","","EISQuestionnaireLO_13",""
"passed","Mon Aug 16 12:23:51 PDT 2021","Mon Aug 16 12:24:05 PDT 2021","14253","","AccountActivity","","","","AccountActivity_30",""
"passed","Mon Aug 16 15:00:49 PDT 2021","Mon Aug 16 15:00:55 PDT 2021","5936","","Emissions.GHG.GWP","","","","Emissions.GHG.GWP_01",""
"passed","Mon Aug 16 12:49:40 PDT 2021","Mon Aug 16 12:49:55 PDT 2021","14712","","EISQuestionnaire","","","","EISQuestionnaire_15",""
"failed","Mon Aug 16 15:18:00 PDT 2021","Mon Aug 16 15:18:25 PDT 2021","25161","","GriddedEmissions","","","","GriddedEmissions_07",""
"passed","Mon Aug 16 12:21:14 PDT 2021","Mon Aug 16 12:21:25 PDT 2021","10873","","AccountActivity","","","","AccountActivity_16",""
"passed","Mon Aug 16 16:10:01 PDT 2021","Mon Aug 16 16:10:09 PDT 2021","7696","","Url","","","","Url_20",""
"passed","Mon Aug 16 13:10:04 PDT 2021","Mon Aug 16 13:10:50 PDT 2021","46049","","EISQuestionnaire","","","","EISQuestionnaire_45",""
"passed","Mon Aug 16 15:02:06 PDT 2021","Mon Aug 16 15:03:45 PDT 2021","98899","","EMToolsCERS","","","","EMToolsCERS_01",""
"passed","Mon Aug 16 13:14:13 PDT 2021","Mon Aug 16 13:14:47 PDT 2021","33965","","EISQuestionnaire","","","","EISQuestionnaire_51",""
"passed","Mon Aug 16 15:24:49 PDT 2021","Mon Aug 16 15:25:34 PDT 2021","44662","","InventoryCfg","","","","InventoryCfg_04",""
"passed","Mon Aug 16 12:18:06 PDT 2021","Mon Aug 16 12:18:11 PDT 2021","4786","","AccessRightSecurity","","","","AccessRightSecurity_33",""
"passed","Mon Aug 16 14:09:31 PDT 2021","Mon Aug 16 14:10:12 PDT 2021","40902","","EISQuestionnaireLO","","","","EISQuestionnaireLO_10",""
"failed","Mon Aug 16 15:56:02 PDT 2021","Mon Aug 16 15:56:19 PDT 2021","17265","","Reports","","","","Reports_13",""
"passed","Mon Aug 16 13:15:29 PDT 2021","Mon Aug 16 13:16:03 PDT 2021","33983","","EISQuestionnaire","","","","EISQuestionnaire_53",""
"passed","Mon Aug 16 15:29:20 PDT 2021","Mon Aug 16 15:46:04 PDT 2021","1003378","","LogOn","","","","LogOn_12",""
"passed","Mon Aug 16 15:13:57 PDT 2021","Mon Aug 16 15:14:01 PDT 2021","3985","","FacilityProfile","","","","FacilityProfile_07",""
"failed","Mon Aug 16 16:03:54 PDT 2021","Mon Aug 16 16:04:12 PDT 2021","17731","","Reports","","","","Reports_29",""
"passed","Mon Aug 16 12:26:53 PDT 2021","Mon Aug 16 12:26:57 PDT 2021","4938","","AdminSecurity","","","","AdminSecurity_15",""
"passed","Mon Aug 16 14:05:19 PDT 2021","Mon Aug 16 14:05:39 PDT 2021","20085","","EISQuestionnaireLO","","","","EISQuestionnaireLO_02",""
"skipped","Mon Aug 16 12:29:13 PDT 2021","Mon Aug 16 12:29:13 PDT 2021","1","","AdminSecurity","","","","AdminSecurity_39",""
"failed","Mon Aug 16 14:52:34 PDT 2021","Mon Aug 16 14:53:09 PDT 2021","34192","","EISQuestionnaireLO","","","","EISQuestionnaireLO_77",""
"passed","Mon Aug 16 15:11:27 PDT 2021","Mon Aug 16 15:11:41 PDT 2021","13351","","EqtnExpression","","","","EqtnExpression_14",""
"passed","Mon Aug 16 16:09:28 PDT 2021","Mon Aug 16 16:09:32 PDT 2021","3422","","Url","","","","Url_12",""
"passed","Mon Aug 16 12:16:01 PDT 2021","Mon Aug 16 12:16:05 PDT 2021","4681","","AccessRightSecurity","","","","AccessRightSecurity_10",""
"passed","Mon Aug 16 12:27:50 PDT 2021","Mon Aug 16 12:27:55 PDT 2021","4858","","AdminSecurity","","","","AdminSecurity_25",""
"failed","Mon Aug 16 13:47:11 PDT 2021","Mon Aug 16 13:48:16 PDT 2021","64352","","EISQuestionnaire","","","","EISQuestionnaire_100",""
"passed","Mon Aug 16 12:26:07 PDT 2021","Mon Aug 16 12:26:12 PDT 2021","4988","","AdminSecurity","","","","AdminSecurity_07",""
"passed","Mon Aug 16 12:16:58 PDT 2021","Mon Aug 16 12:17:02 PDT 2021","4730","","AccessRightSecurity","","","","AccessRightSecurity_22",""
"passed","Mon Aug 16 14:21:06 PDT 2021","Mon Aug 16 14:21:42 PDT 2021","35913","","EISQuestionnaireLO","","","","EISQuestionnaireLO_28",""
"failed","Mon Aug 16 12:49:55 PDT 2021","Mon Aug 16 12:50:06 PDT 2021","11034","","EISQuestionnaire","","","","EISQuestionnaire_16",""
"failed","Mon Aug 16 15:47:34 PDT 2021","Mon Aug 16 15:47:52 PDT 2021","18330","","Map","","","","Map_02",""
"passed","Mon Aug 16 15:26:55 PDT 2021","Mon Aug 16 15:27:03 PDT 2021","8180","","LockedInventory","","","","LockedInventory_04",""
"passed","Mon Aug 16 12:38:26 PDT 2021","Mon Aug 16 12:38:38 PDT 2021","11523","","DshBrdAdmin","","","","DshBrdAdmin_03",""
"passed","Mon Aug 16 13:58:07 PDT 2021","Mon Aug 16 14:00:08 PDT 2021","121570","","EISQuestionnaire","","","","EISQuestionnaire_111",""
"failed","Mon Aug 16 12:09:32 PDT 2021","Mon Aug 16 12:10:13 PDT 2021","41586","","AccessRights","","","","AccessRights_02",""
"failed","Mon Aug 16 15:27:04 PDT 2021","Mon Aug 16 15:27:13 PDT 2021","9567","","LockedInventory","","","","LockedInventory_05",""
"passed","Mon Aug 16 15:28:36 PDT 2021","Mon Aug 16 15:28:41 PDT 2021","4789","","LockedInventory","","","","LockedInventory_20",""
"passed","Mon Aug 16 12:16:34 PDT 2021","Mon Aug 16 12:16:39 PDT 2021","4711","","AccessRightSecurity","","","","AccessRightSecurity_17",""
"passed","Mon Aug 16 12:38:38 PDT 2021","Mon Aug 16 12:38:57 PDT 2021","18753","","DshBrdAdmin","","","","DshBrdAdmin_04",""
"passed","Mon Aug 16 15:21:57 PDT 2021","Mon Aug 16 15:21:58 PDT 2021","370","","Health","","","","Health_02",""
"failed","Mon Aug 16 14:38:39 PDT 2021","Mon Aug 16 14:39:26 PDT 2021","47263","","EISQuestionnaireLO","","","","EISQuestionnaireLO_56",""
"failed","Mon Aug 16 14:56:53 PDT 2021","Mon Aug 16 14:57:40 PDT 2021","46207","","EISQuestionnaireLO","","","","EISQuestionnaireLO_85",""
"passed","Mon Aug 16 15:11:41 PDT 2021","Mon Aug 16 15:12:43 PDT 2021","62387","","EqtnExpression","","","","EqtnExpression_15",""
"passed","Mon Aug 16 12:29:08 PDT 2021","Mon Aug 16 12:29:13 PDT 2021","4516","","AdminSecurity","","","","AdminSecurity_37",""
"passed","Mon Aug 16 12:19:44 PDT 2021","Mon Aug 16 12:19:53 PDT 2021","8841","","AccountActivity","","","","AccountActivity_06",""
"passed","Mon Aug 16 16:02:30 PDT 2021","Mon Aug 16 16:03:01 PDT 2021","30439","","Reports","","","","Reports_26",""
"passed","Mon Aug 16 12:26:02 PDT 2021","Mon Aug 16 12:26:07 PDT 2021","5255","","AdminSecurity","","","","AdminSecurity_06",""
"passed","Mon Aug 16 15:10:47 PDT 2021","Mon Aug 16 15:11:01 PDT 2021","13812","","EqtnExpression","","","","EqtnExpression_11",""
"passed","Mon Aug 16 12:25:54 PDT 2021","Mon Aug 16 12:25:58 PDT 2021","3934","","AdminSecurity","","","","AdminSecurity_04",""
"passed","Mon Aug 16 12:24:44 PDT 2021","Mon Aug 16 12:24:51 PDT 2021","6743","","AdminGroups","","","","AdminGroups_02",""
"passed","Mon Aug 16 14:07:38 PDT 2021","Mon Aug 16 14:08:08 PDT 2021","29712","","EISQuestionnaireLO","","","","EISQuestionnaireLO_07",""
"passed","Mon Aug 16 12:41:30 PDT 2021","Mon Aug 16 12:41:38 PDT 2021","7853","","DshBrdMain","","","","DshBrdMain_17",""
"failed","Mon Aug 16 14:50:53 PDT 2021","Mon Aug 16 14:51:26 PDT 2021","33354","","EISQuestionnaireLO","","","","EISQuestionnaireLO_74",""
"passed","Mon Aug 16 13:38:19 PDT 2021","Mon Aug 16 13:38:50 PDT 2021","31499","","EISQuestionnaire","","","","EISQuestionnaire_86",""
"passed","Mon Aug 16 15:22:16 PDT 2021","Mon Aug 16 15:22:23 PDT 2021","6335","","HelpContentConfig","","","","HelpContentConfig_01",""
"passed","Mon Aug 16 12:17:10 PDT 2021","Mon Aug 16 12:17:17 PDT 2021","6994","","AccessRightSecurity","","","","AccessRightSecurity_24",""
"passed","Mon Aug 16 13:00:31 PDT 2021","Mon Aug 16 13:01:33 PDT 2021","62421","","EISQuestionnaire","","","","EISQuestionnaire_33",""
"passed","Mon Aug 16 13:38:52 PDT 2021","Mon Aug 16 13:39:23 PDT 2021","31488","","EISQuestionnaire","","","","EISQuestionnaire_87",""
"passed","Mon Aug 16 15:14:01 PDT 2021","Mon Aug 16 15:14:08 PDT 2021","6797","","FacilityProfile","","","","FacilityProfile_08",""
"failed","Mon Aug 16 12:32:54 PDT 2021","Mon Aug 16 12:33:02 PDT 2021","8329","","CompanyAndComplex","","","","CompanyAndComplex_08",""
"failed","Mon Aug 16 12:33:46 PDT 2021","Mon Aug 16 12:34:05 PDT 2021","19097","","DashboardPortal","","","","DashboardPortal_03",""
"passed","Mon Aug 16 16:02:00 PDT 2021","Mon Aug 16 16:02:30 PDT 2021","29967","","Reports","","","","Reports_25",""
"passed","Mon Aug 16 15:28:45 PDT 2021","Mon Aug 16 15:28:49 PDT 2021","3788","","LockedInventory","","","","LockedInventory_22",""
"failed","Mon Aug 16 13:29:41 PDT 2021","Mon Aug 16 13:30:35 PDT 2021","53913","","EISQuestionnaire","","","","EISQuestionnaire_74",""
"passed","Mon Aug 16 14:12:36 PDT 2021","Mon Aug 16 14:13:10 PDT 2021","33838","","EISQuestionnaireLO","","","","EISQuestionnaireLO_15",""
"passed","Mon Aug 16 12:37:09 PDT 2021","Mon Aug 16 12:37:21 PDT 2021","12379","","DocumentBrowser","","","","DocumentBrowser_06",""
"passed","Mon Aug 16 12:41:15 PDT 2021","Mon Aug 16 12:41:30 PDT 2021","14848","","DshBrdMain","","","","DshBrdMain_16",""
"passed","Mon Aug 16 15:01:42 PDT 2021","Mon Aug 16 15:01:49 PDT 2021","6824","","EMToolsAmineGlycol","","","","EMToolsAmineGlycol_04",""
"passed","Mon Aug 16 12:27:17 PDT 2021","Mon Aug 16 12:27:22 PDT 2021","5069","","AdminSecurity","","","","AdminSecurity_20",""
"passed","Mon Aug 16 12:31:01 PDT 2021","Mon Aug 16 12:31:16 PDT 2021","14820","","AdminUser","","","","AdminUser_06",""
"failed","Mon Aug 16 13:22:00 PDT 2021","Mon Aug 16 13:22:41 PDT 2021","40702","","EISQuestionnaire","","","","EISQuestionnaire_63",""
"failed","Mon Aug 16 12:54:48 PDT 2021","Mon Aug 16 12:55:28 PDT 2021","39516","","EISQuestionnaire","","","","EISQuestionnaire_25",""
"passed","Mon Aug 16 13:02:14 PDT 2021","Mon Aug 16 13:03:13 PDT 2021","58993","","EISQuestionnaire","","","","EISQuestionnaire_35",""
"passed","Mon Aug 16 14:11:59 PDT 2021","Mon Aug 16 14:12:36 PDT 2021","36900","","EISQuestionnaireLO","","","","EISQuestionnaireLO_14",""
"passed","Mon Aug 16 12:43:28 PDT 2021","Mon Aug 16 12:43:46 PDT 2021","17822","","EIDshBrdEmissions","","","","EIDshBrdEmissions_04",""
"passed","Mon Aug 16 16:10:29 PDT 2021","Mon Aug 16 16:10:33 PDT 2021","3879","","Url","","","","Url_24",""
"passed","Mon Aug 16 12:36:39 PDT 2021","Mon Aug 16 12:36:47 PDT 2021","8417","","DocumentBrowser","","","","DocumentBrowser_03",""
"passed","Mon Aug 16 15:21:58 PDT 2021","Mon Aug 16 15:22:15 PDT 2021","17108","","Health","","","","Health_03",""
"passed","Mon Aug 16 12:25:26 PDT 2021","Mon Aug 16 12:25:32 PDT 2021","6454","","AdminGroups","","","","AdminGroups_04",""
"passed","Mon Aug 16 12:16:24 PDT 2021","Mon Aug 16 12:16:29 PDT 2021","4711","","AccessRightSecurity","","","","AccessRightSecurity_15",""
"passed","Mon Aug 16 15:28:53 PDT 2021","Mon Aug 16 15:28:57 PDT 2021","4012","","LogOn","","","","LogOn_05",""
"passed","Mon Aug 16 15:14:15 PDT 2021","Mon Aug 16 15:14:25 PDT 2021","9172","","FacilityProfile","","","","FacilityProfile_10",""
"failed","Mon Aug 16 13:43:41 PDT 2021","Mon Aug 16 13:44:36 PDT 2021","55566","","EISQuestionnaire","","","","EISQuestionnaire_96",""
"failed","Mon Aug 16 15:04:24 PDT 2021","Mon Aug 16 15:04:42 PDT 2021","17316","","EMToolsCERS","","","","EMToolsCERS_04",""
"passed","Mon Aug 16 15:28:04 PDT 2021","Mon Aug 16 15:28:08 PDT 2021","3899","","LockedInventory","","","","LockedInventory_12",""
"passed","Mon Aug 16 14:37:25 PDT 2021","Mon Aug 16 14:38:02 PDT 2021","36518","","EISQuestionnaireLO","","","","EISQuestionnaireLO_54",""
"passed","Mon Aug 16 14:02:11 PDT 2021","Mon Aug 16 14:02:55 PDT 2021","43254","","EISQuestionnaire","","","","EISQuestionnaire_115",""
"passed","Mon Aug 16 15:28:24 PDT 2021","Mon Aug 16 15:28:28 PDT 2021","4182","","LockedInventory","","","","LockedInventory_17",""
"passed","Mon Aug 16 14:17:40 PDT 2021","Mon Aug 16 14:18:13 PDT 2021","33317","","EISQuestionnaireLO","","","","EISQuestionnaireLO_22",""
"failed","Mon Aug 16 12:34:33 PDT 2021","Mon Aug 16 12:34:44 PDT 2021","11174","","DashboardPortal","","","","DashboardPortal_06",""
"failed","Mon Aug 16 13:26:12 PDT 2021","Mon Aug 16 13:27:02 PDT 2021","49921","","EISQuestionnaire","","","","EISQuestionnaire_69",""
"passed","Mon Aug 16 12:11:54 PDT 2021","Mon Aug 16 12:14:56 PDT 2021","182166","","AccessRightSecurity","","","","AccessRightSecurity_01",""
"passed","Mon Aug 16 13:17:20 PDT 2021","Mon Aug 16 13:17:54 PDT 2021","33485","","EISQuestionnaire","","","","EISQuestionnaire_56",""
"passed","Mon Aug 16 12:31:33 PDT 2021","Mon Aug 16 12:31:41 PDT 2021","7657","","ChangeHistory","","","","ChangeHistory_02",""
"failed","Mon Aug 16 12:21:25 PDT 2021","Mon Aug 16 12:21:47 PDT 2021","21834","","AccountActivity","","","","AccountActivity_17",""
"passed","Mon Aug 16 12:18:33 PDT 2021","Mon Aug 16 12:18:38 PDT 2021","5295","","AccessRightSecurity","","","","AccessRightSecurity_38",""
"passed","Mon Aug 16 16:10:48 PDT 2021","Mon Aug 16 16:10:52 PDT 2021","3234","","Url","","","","Url_29",""
"passed","Mon Aug 16 12:28:58 PDT 2021","Mon Aug 16 12:29:08 PDT 2021","9912","","AdminSecurity","","","","AdminSecurity_36",""
"passed","Mon Aug 16 12:39:19 PDT 2021","Mon Aug 16 12:39:41 PDT 2021","21949","","DshBrdAdmin","","","","DshBrdAdmin_06",""
"passed","Mon Aug 16 12:26:34 PDT 2021","Mon Aug 16 12:26:38 PDT 2021","4940","","AdminSecurity","","","","AdminSecurity_12",""
"passed","Mon Aug 16 12:40:46 PDT 2021","Mon Aug 16 12:40:50 PDT 2021","3420","","DshBrdMain","","","","DshBrdMain_09",""
"passed","Mon Aug 16 13:43:10 PDT 2021","Mon Aug 16 13:43:40 PDT 2021","30470","","EISQuestionnaire","","","","EISQuestionnaire_95",""
"passed","Mon Aug 16 15:49:27 PDT 2021","Mon Aug 16 15:50:22 PDT 2021","55435","","PtBatchCalc","","","","PtBatchCalc_01",""
"failed","Mon Aug 16 15:54:06 PDT 2021","Mon Aug 16 15:54:22 PDT 2021","15981","","Reports","","","","Reports_09",""
"passed","Mon Aug 16 14:34:46 PDT 2021","Mon Aug 16 14:35:22 PDT 2021","35854","","EISQuestionnaireLO","","","","EISQuestionnaireLO_50",""
"passed","Mon Aug 16 12:42:22 PDT 2021","Mon Aug 16 12:42:26 PDT 2021","4044","","DshBrdMain","","","","DshBrdMain_30",""
"passed","Mon Aug 16 12:41:46 PDT 2021","Mon Aug 16 12:41:53 PDT 2021","7049","","DshBrdMain","","","","DshBrdMain_19",""
"passed","Mon Aug 16 14:19:20 PDT 2021","Mon Aug 16 14:19:55 PDT 2021","35227","","EISQuestionnaireLO","","","","EISQuestionnaireLO_25",""
"passed","Mon Aug 16 12:18:16 PDT 2021","Mon Aug 16 12:18:21 PDT 2021","5204","","AccessRightSecurity","","","","AccessRightSecurity_35",""
"passed","Mon Aug 16 13:05:07 PDT 2021","Mon Aug 16 13:06:10 PDT 2021","62908","","EISQuestionnaire","","","","EISQuestionnaire_38",""
"passed","Mon Aug 16 12:24:24 PDT 2021","Mon Aug 16 12:24:34 PDT 2021","10415","","AccountActivity","","","","AccountActivity_33",""
"failed","Mon Aug 16 13:58:05 PDT 2021","Mon Aug 16 13:58:07 PDT 2021","1548","","EISQuestionnaire","","","","EISQuestionnaire_110",""
"passed","Mon Aug 16 12:29:47 PDT 2021","Mon Aug 16 12:30:00 PDT 2021","12928","","AdminUser","","","","AdminUser_01",""
"passed","Mon Aug 16 15:54:38 PDT 2021","Mon Aug 16 15:55:17 PDT 2021","39399","","Reports","","","","Reports_11",""
"passed","Mon Aug 16 15:13:33 PDT 2021","Mon Aug 16 15:13:38 PDT 2021","4994","","FacilityProfile","","","","FacilityProfile_02",""
"passed","Mon Aug 16 13:21:24 PDT 2021","Mon Aug 16 13:22:00 PDT 2021","36425","","EISQuestionnaire","","","","EISQuestionnaire_62",""
"passed","Mon Aug 16 12:46:01 PDT 2021","Mon Aug 16 12:46:13 PDT 2021","11372","","EISQuestionnaire","","","","EISQuestionnaire_02",""
"passed","Mon Aug 16 13:19:17 PDT 2021","Mon Aug 16 13:19:53 PDT 2021","35962","","EISQuestionnaire","","","","EISQuestionnaire_59",""
"passed","Mon Aug 16 14:04:55 PDT 2021","Mon Aug 16 14:05:19 PDT 2021","23203","","EISQuestionnaireLO","","","","EISQuestionnaireLO_01",""
"passed","Mon Aug 16 14:20:30 PDT 2021","Mon Aug 16 14:21:06 PDT 2021","36178","","EISQuestionnaireLO","","","","EISQuestionnaireLO_27",""
"passed","Mon Aug 16 15:05:00 PDT 2021","Mon Aug 16 15:05:18 PDT 2021","18298","","EMToolsCERS","","","","EMToolsCERS_06",""
"passed","Mon Aug 16 15:21:57 PDT 2021","Mon Aug 16 15:21:57 PDT 2021","56","","Health","","","","Health_01",""
"passed","Mon Aug 16 15:28:08 PDT 2021","Mon Aug 16 15:28:12 PDT 2021","4079","","LockedInventory","","","","LockedInventory_13",""
"passed","Mon Aug 16 12:40:36 PDT 2021","Mon Aug 16 12:40:42 PDT 2021","5944","","DshBrdMain","","","","DshBrdMain_07",""
"passed","Mon Aug 16 12:28:02 PDT 2021","Mon Aug 16 12:28:05 PDT 2021","3315","","AdminSecurity","","","","AdminSecurity_28",""
"skipped","Mon Aug 16 12:19:06 PDT 2021","Mon Aug 16 12:19:06 PDT 2021","6","","AccountActivity","","","","AccountActivity_01",""
"failed","Mon Aug 16 14:26:14 PDT 2021","Mon Aug 16 14:27:04 PDT 2021","50483","","EISQuestionnaireLO","","","","EISQuestionnaireLO_37",""
"passed","Mon Aug 16 13:06:11 PDT 2021","Mon Aug 16 13:06:49 PDT 2021","38469","","EISQuestionnaire","","","","EISQuestionnaire_39",""
"passed","Mon Aug 16 15:28:16 PDT 2021","Mon Aug 16 15:28:20 PDT 2021","4047","","LockedInventory","","","","LockedInventory_15",""
"passed","Mon Aug 16 14:18:13 PDT 2021","Mon Aug 16 14:18:46 PDT 2021","32698","","EISQuestionnaireLO","","","","EISQuestionnaireLO_23",""
"failed","Mon Aug 16 13:30:35 PDT 2021","Mon Aug 16 13:31:25 PDT 2021","50089","","EISQuestionnaire","","","","EISQuestionnaire_75",""
"passed","Mon Aug 16 14:02:55 PDT 2021","Mon Aug 16 14:03:43 PDT 2021","47936","","EISQuestionnaire","","","","EISQuestionnaire_116",""
"passed","Mon Aug 16 13:07:57 PDT 2021","Mon Aug 16 13:08:27 PDT 2021","30006","","EISQuestionnaire","","","","EISQuestionnaire_42",""
"passed","Mon Aug 16 14:54:09 PDT 2021","Mon Aug 16 14:54:37 PDT 2021","28213","","EISQuestionnaireLO","","","","EISQuestionnaireLO_80",""
"passed","Mon Aug 16 13:23:28 PDT 2021","Mon Aug 16 13:24:06 PDT 2021","37572","","EISQuestionnaire","","","","EISQuestionnaire_65",""
"passed","Mon Aug 16 12:42:10 PDT 2021","Mon Aug 16 12:42:14 PDT 2021","3999","","DshBrdMain","","","","DshBrdMain_27",""
"passed","Mon Aug 16 12:17:31 PDT 2021","Mon Aug 16 12:17:39 PDT 2021","8103","","AccessRightSecurity","","","","AccessRightSecurity_27",""
"failed","Mon Aug 16 12:50:06 PDT 2021","Mon Aug 16 12:50:16 PDT 2021","10220","","EISQuestionnaire","","","","EISQuestionnaire_17",""
"passed","Mon Aug 16 14:27:45 PDT 2021","Mon Aug 16 14:28:18 PDT 2021","33228","","EISQuestionnaireLO","","","","EISQuestionnaireLO_39",""
"passed","Mon Aug 16 12:20:52 PDT 2021","Mon Aug 16 12:20:59 PDT 2021","7819","","AccountActivity","","","","AccountActivity_14",""
"passed","Mon Aug 16 16:11:55 PDT 2021","Mon Aug 16 16:12:19 PDT 2021","23833","","WizEISExpImp","","","","WizEISExpImp_04",""
"failed","Mon Aug 16 14:58:25 PDT 2021","Mon Aug 16 14:59:13 PDT 2021","47176","","EISQuestionnaireLO","","","","EISQuestionnaireLO_87",""
"passed","Mon Aug 16 12:41:53 PDT 2021","Mon Aug 16 12:42:00 PDT 2021","7804","","DshBrdMain","","","","DshBrdMain_20",""
"passed","Mon Aug 16 13:42:38 PDT 2021","Mon Aug 16 13:43:09 PDT 2021","30944","","EISQuestionnaire","","","","EISQuestionnaire_94",""
"failed","Mon Aug 16 13:22:41 PDT 2021","Mon Aug 16 13:23:28 PDT 2021","46759","","EISQuestionnaire","","","","EISQuestionnaire_64",""
"passed","Mon Aug 16 12:18:21 PDT 2021","Mon Aug 16 12:18:27 PDT 2021","5695","","AccessRightSecurity","","","","AccessRightSecurity_36",""
"passed","Mon Aug 16 16:04:45 PDT 2021","Mon Aug 16 16:05:17 PDT 2021","31262","","Reports","","","","Reports_31",""
"passed","Mon Aug 16 12:16:20 PDT 2021","Mon Aug 16 12:16:24 PDT 2021","4723","","AccessRightSecurity","","","","AccessRightSecurity_14",""
"passed","Mon Aug 16 12:29:16 PDT 2021","Mon Aug 16 12:29:19 PDT 2021","3141","","AdminSecurity","","","","AdminSecurity_41",""
"failed","Mon Aug 16 14:43:32 PDT 2021","Mon Aug 16 14:44:20 PDT 2021","48349","","EISQuestionnaireLO","","","","EISQuestionnaireLO_63",""
"failed","Mon Aug 16 14:44:20 PDT 2021","Mon Aug 16 14:45:10 PDT 2021","50103","","EISQuestionnaireLO","","","","EISQuestionnaireLO_64",""
"failed","Mon Aug 16 13:31:25 PDT 2021","Mon Aug 16 13:32:17 PDT 2021","51926","","EISQuestionnaire","","","","EISQuestionnaire_76",""
"passed","Mon Aug 16 15:13:42 PDT 2021","Mon Aug 16 15:13:46 PDT 2021","4732","","FacilityProfile","","","","FacilityProfile_04",""
"failed","Mon Aug 16 13:52:34 PDT 2021","Mon Aug 16 13:54:31 PDT 2021","117120","","EISQuestionnaire","","","","EISQuestionnaire_107",""
"passed","Mon Aug 16 12:20:04 PDT 2021","Mon Aug 16 12:20:11 PDT 2021","7774","","AccountActivity","","","","AccountActivity_08",""
"passed","Mon Aug 16 12:41:03 PDT 2021","Mon Aug 16 12:41:07 PDT 2021","3842","","DshBrdMain","","","","DshBrdMain_13",""
"passed","Mon Aug 16 12:24:13 PDT 2021","Mon Aug 16 12:24:24 PDT 2021","10966","","AccountActivity","","","","AccountActivity_32",""
"passed","Mon Aug 16 12:24:51 PDT 2021","Mon Aug 16 12:24:58 PDT 2021","6752","","AdminGroups","","","","AdminGroups_03",""
"failed","Mon Aug 16 12:47:36 PDT 2021","Mon Aug 16 12:47:47 PDT 2021","10079","","EISQuestionnaire","","","","EISQuestionnaire_07",""
"passed","Mon Aug 16 13:24:44 PDT 2021","Mon Aug 16 13:25:24 PDT 2021","39371","","EISQuestionnaire","","","","EISQuestionnaire_67",""
"passed","Mon Aug 16 12:44:23 PDT 2021","Mon Aug 16 12:44:30 PDT 2021","6604","","EIDshBrdEmissions","","","","EIDshBrdEmissions_08",""
"passed","Mon Aug 16 16:08:29 PDT 2021","Mon Aug 16 16:08:33 PDT 2021","4038","","Url","","","","Url_02",""
"passed","Mon Aug 16 12:20:35 PDT 2021","Mon Aug 16 12:20:44 PDT 2021","8597","","AccountActivity","","","","AccountActivity_12",""
"passed","Mon Aug 16 16:00:25 PDT 2021","Mon Aug 16 16:00:55 PDT 2021","30911","","Reports","","","","Reports_22",""
"failed","Mon Aug 16 13:17:54 PDT 2021","Mon Aug 16 13:18:40 PDT 2021","45274","","EISQuestionnaire","","","","EISQuestionnaire_57",""
"failed","Mon Aug 16 15:26:19 PDT 2021","Mon Aug 16 15:26:26 PDT 2021","7806","","InventoryCfg","","","","InventoryCfg_07",""
"passed","Mon Aug 16 12:47:47 PDT 2021","Mon Aug 16 12:48:10 PDT 2021","23464","","EISQuestionnaire","","","","EISQuestionnaire_08",""
"passed","Mon Aug 16 12:15:13 PDT 2021","Mon Aug 16 12:15:19 PDT 2021","5755","","AccessRightSecurity","","","","AccessRightSecurity_04",""
"passed","Mon Aug 16 14:21:42 PDT 2021","Mon Aug 16 14:22:04 PDT 2021","21893","","EISQuestionnaireLO","","","","EISQuestionnaireLO_29",""
"passed","Mon Aug 16 15:09:47 PDT 2021","Mon Aug 16 15:10:01 PDT 2021","13228","","EqtnExpression","","","","EqtnExpression_06",""
"passed","Mon Aug 16 13:12:43 PDT 2021","Mon Aug 16 13:13:31 PDT 2021","47408","","EISQuestionnaire","","","","EISQuestionnaire_49",""
"failed","Mon Aug 16 15:51:29 PDT 2021","Mon Aug 16 15:51:44 PDT 2021","15171","","Reports","","","","Reports_03",""
"passed","Mon Aug 16 12:44:30 PDT 2021","Mon Aug 16 12:44:37 PDT 2021","7134","","EIDshBrdEmissions","","","","EIDshBrdEmissions_09",""
"passed","Mon Aug 16 12:25:41 PDT 2021","Mon Aug 16 12:25:48 PDT 2021","7180","","AdminSecurity","","","","AdminSecurity_02",""
"failed","Mon Aug 16 14:35:22 PDT 2021","Mon Aug 16 14:36:02 PDT 2021","39839","","EISQuestionnaireLO","","","","EISQuestionnaireLO_51",""
"passed","Mon Aug 16 15:17:25 PDT 2021","Mon Aug 16 15:18:00 PDT 2021","35321","","GriddedEmissions","","","","GriddedEmissions_06",""
"passed","Mon Aug 16 12:27:55 PDT 2021","Mon Aug 16 12:27:58 PDT 2021","3046","","AdminSecurity","","","","AdminSecurity_26",""
"passed","Mon Aug 16 12:55:28 PDT 2021","Mon Aug 16 12:56:08 PDT 2021","39930","","EISQuestionnaire","","","","EISQuestionnaire_26",""
"passed","Mon Aug 16 16:10:53 PDT 2021","Mon Aug 16 16:11:14 PDT 2021","20177","","WizEISExpImp","","","","WizEISExpImp_01",""
"failed","Mon Aug 16 15:26:05 PDT 2021","Mon Aug 16 15:26:19 PDT 2021","13223","","InventoryCfg","","","","InventoryCfg_06",""
"passed","Mon Aug 16 14:45:49 PDT 2021","Mon Aug 16 14:46:28 PDT 2021","38102","","EISQuestionnaireLO","","","","EISQuestionnaireLO_66",""
"passed","Mon Aug 16 15:03:45 PDT 2021","Mon Aug 16 15:04:02 PDT 2021","16503","","EMToolsCERS","","","","EMToolsCERS_02",""
"passed","Mon Aug 16 12:40:19 PDT 2021","Mon Aug 16 12:40:29 PDT 2021","10199","","DshBrdMain","","","","DshBrdMain_05",""
"passed","Mon Aug 16 12:40:42 PDT 2021","Mon Aug 16 12:40:46 PDT 2021","4223","","DshBrdMain","","","","DshBrdMain_08",""
"failed","Mon Aug 16 16:05:17 PDT 2021","Mon Aug 16 16:05:41 PDT 2021","24156","","Reports","","","","Reports_32",""
"passed","Mon Aug 16 14:40:15 PDT 2021","Mon Aug 16 14:40:51 PDT 2021","36633","","EISQuestionnaireLO","","","","EISQuestionnaireLO_58",""
"failed","Mon Aug 16 13:34:19 PDT 2021","Mon Aug 16 13:35:07 PDT 2021","48225","","EISQuestionnaire","","","","EISQuestionnaire_80",""
"passed","Mon Aug 16 12:25:34 PDT 2021","Mon Aug 16 12:25:41 PDT 2021","7368","","AdminSecurity","","","","AdminSecurity_01",""
"passed","Mon Aug 16 12:19:53 PDT 2021","Mon Aug 16 12:20:03 PDT 2021","10616","","AccountActivity","","","","AccountActivity_07",""
"passed","Mon Aug 16 12:52:41 PDT 2021","Mon Aug 16 12:53:19 PDT 2021","38065","","EISQuestionnaire","","","","EISQuestionnaire_22",""
"failed","Mon Aug 16 14:08:08 PDT 2021","Mon Aug 16 14:08:49 PDT 2021","41030","","EISQuestionnaireLO","","","","EISQuestionnaireLO_08",""
"passed","Mon Aug 16 15:29:16 PDT 2021","Mon Aug 16 15:29:20 PDT 2021","3592","","LogOn","","","","LogOn_11",""
"passed","Mon Aug 16 12:23:37 PDT 2021","Mon Aug 16 12:23:50 PDT 2021","13462","","AccountActivity","","","","AccountActivity_29",""
"passed","Mon Aug 16 16:04:12 PDT 2021","Mon Aug 16 16:04:45 PDT 2021","33482","","Reports","","","","Reports_30",""
"passed","Mon Aug 16 12:38:18 PDT 2021","Mon Aug 16 12:38:26 PDT 2021","7807","","DshBrdAdmin","","","","DshBrdAdmin_02",""
"passed","Mon Aug 16 12:17:51 PDT 2021","Mon Aug 16 12:17:57 PDT 2021","5637","","AccessRightSecurity","","","","AccessRightSecurity_30",""
"passed","Mon Aug 16 12:24:05 PDT 2021","Mon Aug 16 12:24:13 PDT 2021","7738","","AccountActivity","","","","AccountActivity_31",""
"passed","Mon Aug 16 12:28:05 PDT 2021","Mon Aug 16 12:28:10 PDT 2021","4421","","AdminSecurity","","","","AdminSecurity_29",""
"passed","Mon Aug 16 14:23:08 PDT 2021","Mon Aug 16 14:23:52 PDT 2021","44385","","EISQuestionnaireLO","","","","EISQuestionnaireLO_32",""
"passed","Mon Aug 16 15:28:41 PDT 2021","Mon Aug 16 15:28:45 PDT 2021","3893","","LockedInventory","","","","LockedInventory_21",""
"passed","Mon Aug 16 12:38:05 PDT 2021","Mon Aug 16 12:38:18 PDT 2021","13143","","DshBrdAdmin","","","","DshBrdAdmin_01",""
"passed","Mon Aug 16 13:37:47 PDT 2021","Mon Aug 16 13:38:18 PDT 2021","30978","","EISQuestionnaire","","","","EISQuestionnaire_85",""
"failed","Mon Aug 16 14:29:33 PDT 2021","Mon Aug 16 14:30:16 PDT 2021","42431","","EISQuestionnaireLO","","","","EISQuestionnaireLO_42",""
"failed","Mon Aug 16 12:36:47 PDT 2021","Mon Aug 16 12:36:59 PDT 2021","11637","","DocumentBrowser","","","","DocumentBrowser_04",""
"failed","Mon Aug 16 12:32:46 PDT 2021","Mon Aug 16 12:32:54 PDT 2021","8224","","CompanyAndComplex","","","","CompanyAndComplex_07",""
"passed","Mon Aug 16 15:23:27 PDT 2021","Mon Aug 16 15:23:36 PDT 2021","8752","","InventoryCfg","","","","InventoryCfg_01",""
"passed","Mon Aug 16 15:28:20 PDT 2021","Mon Aug 16 15:28:24 PDT 2021","4044","","LockedInventory","","","","LockedInventory_16",""
"passed","Mon Aug 16 12:36:04 PDT 2021","Mon Aug 16 12:36:12 PDT 2021","7998","","DataEntry","","","","DataEntry_09",""
"failed","Mon Aug 16 12:33:28 PDT 2021","Mon Aug 16 12:33:46 PDT 2021","18008","","DashboardPortal","","","","DashboardPortal_02",""
"failed","Mon Aug 16 14:51:26 PDT 2021","Mon Aug 16 14:52:00 PDT 2021","34255","","EISQuestionnaireLO","","","","EISQuestionnaireLO_75",""
"failed","Mon Aug 16 14:25:08 PDT 2021","Mon Aug 16 14:25:41 PDT 2021","32373","","EISQuestionnaireLO","","","","EISQuestionnaireLO_35",""
"failed","Mon Aug 16 13:56:15 PDT 2021","Mon Aug 16 13:58:05 PDT 2021","110553","","EISQuestionnaire","","","","EISQuestionnaire_109",""
"passed","Mon Aug 16 15:08:43 PDT 2021","Mon Aug 16 15:08:57 PDT 2021","14657","","EqtnExpression","","","","EqtnExpression_01",""
"passed","Mon Aug 16 15:00:55 PDT 2021","Mon Aug 16 15:01:00 PDT 2021","4803","","Emissions.GHG.GWP","","","","Emissions.GHG.GWP_02",""
"passed","Mon Aug 16 12:44:15 PDT 2021","Mon Aug 16 12:44:23 PDT 2021","8199","","EIDshBrdEmissions","","","","EIDshBrdEmissions_07",""
"skipped","Mon Aug 16 12:19:06 PDT 2021","Mon Aug 16 12:19:06 PDT 2021","2","","AccountActivity","","","","AccountActivity_02",""
"passed","Mon Aug 16 12:42:52 PDT 2021","Mon Aug 16 12:43:10 PDT 2021","18172","","EIDshBrdEmissions","","","","EIDshBrdEmissions_02",""
"passed","Mon Aug 16 14:00:09 PDT 2021","Mon Aug 16 14:00:48 PDT 2021","38514","","EISQuestionnaire","","","","EISQuestionnaire_112",""
"failed","Mon Aug 16 12:32:37 PDT 2021","Mon Aug 16 12:32:46 PDT 2021","8246","","CompanyAndComplex","","","","CompanyAndComplex_06",""
"failed","Mon Aug 16 12:32:13 PDT 2021","Mon Aug 16 12:32:21 PDT 2021","8114","","CompanyAndComplex","","","","CompanyAndComplex_03",""
"failed","Mon Aug 16 13:35:54 PDT 2021","Mon Aug 16 13:36:41 PDT 2021","47294","","EISQuestionnaire","","","","EISQuestionnaire_82",""
"passed","Mon Aug 16 15:28:57 PDT 2021","Mon Aug 16 15:29:01 PDT 2021","3252","","LogOn","","","","LogOn_06",""
"passed","Mon Aug 16 12:40:50 PDT 2021","Mon Aug 16 12:40:54 PDT 2021","4118","","DshBrdMain","","","","DshBrdMain_10",""
"passed","Mon Aug 16 15:04:42 PDT 2021","Mon Aug 16 15:05:00 PDT 2021","18074","","EMToolsCERS","","","","EMToolsCERS_05",""
"passed","Mon Aug 16 15:52:00 PDT 2021","Mon Aug 16 15:52:28 PDT 2021","28437","","Reports","","","","Reports_05",""
"passed","Mon Aug 16 15:46:04 PDT 2021","Mon Aug 16 15:46:42 PDT 2021","37912","","LogOn","","","","LogOn_13",""
"passed","Mon Aug 16 13:10:50 PDT 2021","Mon Aug 16 13:11:24 PDT 2021","34432","","EISQuestionnaire","","","","EISQuestionnaire_46",""
"passed","Mon Aug 16 15:22:36 PDT 2021","Mon Aug 16 15:23:16 PDT 2021","40514","","HelpContentConfig","","","","HelpContentConfig_04",""
"failed","Mon Aug 16 12:50:36 PDT 2021","Mon Aug 16 12:52:18 PDT 2021","101600","","EISQuestionnaire","","","","EISQuestionnaire_20",""
"failed","Mon Aug 16 12:18:48 PDT 2021","Mon Aug 16 12:18:57 PDT 2021","9166","","AccessRightSecurity","","","","AccessRightSecurity_41",""
"passed","Mon Aug 16 12:22:12 PDT 2021","Mon Aug 16 12:22:20 PDT 2021","7340","","AccountActivity","","","","AccountActivity_20",""
"passed","Mon Aug 16 13:18:40 PDT 2021","Mon Aug 16 13:19:16 PDT 2021","36676","","EISQuestionnaire","","","","EISQuestionnaire_58",""
"failed","Mon Aug 16 15:26:46 PDT 2021","Mon Aug 16 15:26:55 PDT 2021","9254","","LockedInventory","","","","LockedInventory_03",""
"passed","Mon Aug 16 15:21:21 PDT 2021","Mon Aug 16 15:21:55 PDT 2021","34636","","GriddedEmissions","","","","GriddedEmissions_13",""
"passed","Mon Aug 16 12:37:21 PDT 2021","Mon Aug 16 12:37:36 PDT 2021","14258","","DocumentBrowser","","","","DocumentBrowser_07",""
"passed","Mon Aug 16 12:30:00 PDT 2021","Mon Aug 16 12:30:09 PDT 2021","8775","","AdminUser","","","","AdminUser_02",""
"passed","Mon Aug 16 16:10:44 PDT 2021","Mon Aug 16 16:10:48 PDT 2021","4169","","Url","","","","Url_28",""
"passed","Mon Aug 16 12:19:35 PDT 2021","Mon Aug 16 12:19:44 PDT 2021","8421","","AccountActivity","","","","AccountActivity_05",""
"passed","Mon Aug 16 12:43:46 PDT 2021","Mon Aug 16 12:44:01 PDT 2021","14383","","EIDshBrdEmissions","","","","EIDshBrdEmissions_05",""
"failed","Mon Aug 16 12:50:26 PDT 2021","Mon Aug 16 12:50:36 PDT 2021","10011","","EISQuestionnaire","","","","EISQuestionnaire_19",""
"passed","Mon Aug 16 15:29:01 PDT 2021","Mon Aug 16 15:29:01 PDT 2021","280","","LogOn","","","","LogOn_07",""
"passed","Mon Aug 16 16:09:57 PDT 2021","Mon Aug 16 16:10:01 PDT 2021","4017","","Url","","","","Url_19",""
"passed","Mon Aug 16 13:32:58 PDT 2021","Mon Aug 16 13:33:37 PDT 2021","39601","","EISQuestionnaire","","","","EISQuestionnaire_78",""
"passed","Mon Aug 16 15:27:25 PDT 2021","Mon Aug 16 15:27:37 PDT 2021","12163","","LockedInventory","","","","LockedInventory_07",""
"passed","Mon Aug 16 15:48:22 PDT 2021","Mon Aug 16 15:48:37 PDT 2021","14902","","Map","","","","Map_05",""
"passed","Mon Aug 16 14:53:09 PDT 2021","Mon Aug 16 14:53:38 PDT 2021","29276","","EISQuestionnaireLO","","","","EISQuestionnaireLO_78",""
"passed","Mon Aug 16 12:16:39 PDT 2021","Mon Aug 16 12:16:43 PDT 2021","4732","","AccessRightSecurity","","","","AccessRightSecurity_18",""
"passed","Mon Aug 16 12:26:57 PDT 2021","Mon Aug 16 12:27:02 PDT 2021","4839","","AdminSecurity","","","","AdminSecurity_16",""
"passed","Mon Aug 16 13:36:41 PDT 2021","Mon Aug 16 13:37:13 PDT 2021","31725","","EISQuestionnaire","","","","EISQuestionnaire_83",""
"passed","Mon Aug 16 15:14:08 PDT 2021","Mon Aug 16 15:14:15 PDT 2021","7464","","FacilityProfile","","","","FacilityProfile_09",""
"passed","Mon Aug 16 12:29:23 PDT 2021","Mon Aug 16 12:29:27 PDT 2021","3204","","AdminSecurity","","","","AdminSecurity_43",""
"passed","Mon Aug 16 15:10:24 PDT 2021","Mon Aug 16 15:10:33 PDT 2021","8880","","EqtnExpression","","","","EqtnExpression_09",""
"passed","Mon Aug 16 12:28:54 PDT 2021","Mon Aug 16 12:28:58 PDT 2021","3514","","AdminSecurity","","","","AdminSecurity_35",""
"passed","Mon Aug 16 12:18:02 PDT 2021","Mon Aug 16 12:18:06 PDT 2021","4723","","AccessRightSecurity","","","","AccessRightSecurity_32",""
"passed","Mon Aug 16 16:10:19 PDT 2021","Mon Aug 16 16:10:23 PDT 2021","4387","","Url","","","","Url_22",""
"passed","Mon Aug 16 12:25:18 PDT 2021","Mon Aug 16 12:25:26 PDT 2021","7493","","AdminGroups","","","","AdminGroups_07",""
"passed","Mon Aug 16 14:00:48 PDT 2021","Mon Aug 16 14:01:31 PDT 2021","43229","","EISQuestionnaire","","","","EISQuestionnaire_113",""
"passed","Mon Aug 16 16:09:32 PDT 2021","Mon Aug 16 16:09:35 PDT 2021","3745","","Url","","","","Url_13",""
"passed","Mon Aug 16 13:32:17 PDT 2021","Mon Aug 16 13:32:56 PDT 2021","39498","","EISQuestionnaire","","","","EISQuestionnaire_77",""
"passed","Mon Aug 16 12:42:14 PDT 2021","Mon Aug 16 12:42:18 PDT 2021","4031","","DshBrdMain","","","","DshBrdMain_28",""
"passed","Mon Aug 16 15:58:54 PDT 2021","Mon Aug 16 15:59:46 PDT 2021","52312","","Reports","","","","Reports_20",""
"passed","Mon Aug 16 16:10:37 PDT 2021","Mon Aug 16 16:10:40 PDT 2021","3536","","Url","","","","Url_26",""
"passed","Mon Aug 16 13:11:55 PDT 2021","Mon Aug 16 13:12:43 PDT 2021","47871","","EISQuestionnaire","","","","EISQuestionnaire_48",""
"passed","Mon Aug 16 14:49:23 PDT 2021","Mon Aug 16 14:49:53 PDT 2021","29735","","EISQuestionnaireLO","","","","EISQuestionnaireLO_71",""
"passed","Mon Aug 16 12:28:10 PDT 2021","Mon Aug 16 12:28:14 PDT 2021","3995","","AdminSecurity","","","","AdminSecurity_30",""
"failed","Mon Aug 16 16:06:06 PDT 2021","Mon Aug 16 16:06:31 PDT 2021","25370","","Reports","","","","Reports_34",""
"failed","Mon Aug 16 14:52:00 PDT 2021","Mon Aug 16 14:52:34 PDT 2021","34005","","EISQuestionnaireLO","","","","EISQuestionnaireLO_76",""
"passed","Mon Aug 16 15:28:53 PDT 2021","Mon Aug 16 15:28:53 PDT 2021","621","","LogOn","","","","LogOn_04",""
"failed","Mon Aug 16 13:51:16 PDT 2021","Mon Aug 16 13:52:04 PDT 2021","48006","","EISQuestionnaire","","","","EISQuestionnaire_105",""
"failed","Mon Aug 16 14:42:48 PDT 2021","Mon Aug 16 14:43:32 PDT 2021","43306","","EISQuestionnaireLO","","","","EISQuestionnaireLO_62",""
"passed","Mon Aug 16 16:07:08 PDT 2021","Mon Aug 16 16:07:44 PDT 2021","36516","","Reports","","","","Reports_37",""
"passed","Mon Aug 16 14:18:46 PDT 2021","Mon Aug 16 14:19:19 PDT 2021","33363","","EISQuestionnaireLO","","","","EISQuestionnaireLO_24",""
"passed","Mon Aug 16 12:54:13 PDT 2021","Mon Aug 16 12:54:48 PDT 2021","34628","","EISQuestionnaire","","","","EISQuestionnaire_24",""
"failed","Mon Aug 16 12:49:24 PDT 2021","Mon Aug 16 12:49:40 PDT 2021","16692","","EISQuestionnaire","","","","EISQuestionnaire_14",""
"passed","Mon Aug 16 14:23:53 PDT 2021","Mon Aug 16 14:24:37 PDT 2021","44248","","EISQuestionnaireLO","","","","EISQuestionnaireLO_33",""
"passed","Mon Aug 16 13:08:27 PDT 2021","Mon Aug 16 13:09:16 PDT 2021","48965","","EISQuestionnaire","","","","EISQuestionnaire_43",""
"passed","Mon Aug 16 16:08:41 PDT 2021","Mon Aug 16 16:08:45 PDT 2021","3927","","Url","","","","Url_05",""
"passed","Mon Aug 16 12:39:41 PDT 2021","Mon Aug 16 12:39:51 PDT 2021","9795","","DshBrdAdmin","","","","DshBrdAdmin_07",""
"passed","Mon Aug 16 12:27:07 PDT 2021","Mon Aug 16 12:27:12 PDT 2021","4769","","AdminSecurity","","","","AdminSecurity_18",""
"passed","Mon Aug 16 12:29:13 PDT 2021","Mon Aug 16 12:29:16 PDT 2021","3132","","AdminSecurity","","","","AdminSecurity_40",""
"failed","Mon Aug 16 13:35:07 PDT 2021","Mon Aug 16 13:35:54 PDT 2021","46726","","EISQuestionnaire","","","","EISQuestionnaire_81",""
"passed","Mon Aug 16 15:26:29 PDT 2021","Mon Aug 16 15:26:41 PDT 2021","12442","","LockedInventory","","","","LockedInventory_01",""
"passed","Mon Aug 16 15:18:58 PDT 2021","Mon Aug 16 15:19:34 PDT 2021","36120","","GriddedEmissions","","","","GriddedEmissions_09",""
"passed","Mon Aug 16 15:16:09 PDT 2021","Mon Aug 16 15:16:47 PDT 2021","38065","","GriddedEmissions","","","","GriddedEmissions_04",""
"passed","Mon Aug 16 12:15:19 PDT 2021","Mon Aug 16 12:15:24 PDT 2021","5148","","AccessRightSecurity","","","","AccessRightSecurity_05",""
"passed","Mon Aug 16 13:48:16 PDT 2021","Mon Aug 16 13:49:39 PDT 2021","83311","","EISQuestionnaire","","","","EISQuestionnaire_101",""
"passed","Mon Aug 16 12:17:17 PDT 2021","Mon Aug 16 12:17:25 PDT 2021","8099","","AccessRightSecurity","","","","AccessRightSecurity_25",""
"passed","Mon Aug 16 12:42:05 PDT 2021","Mon Aug 16 12:42:10 PDT 2021","4838","","DshBrdMain","","","","DshBrdMain_22",""
"failed","Mon Aug 16 13:25:24 PDT 2021","Mon Aug 16 13:26:12 PDT 2021","48016","","EISQuestionnaire","","","","EISQuestionnaire_68",""
"passed","Mon Aug 16 15:10:33 PDT 2021","Mon Aug 16 15:10:47 PDT 2021","13698","","EqtnExpression","","","","EqtnExpression_10",""
"passed","Mon Aug 16 12:25:11 PDT 2021","Mon Aug 16 12:25:18 PDT 2021","7333","","AdminGroups","","","","AdminGroups_06",""
"passed","Mon Aug 16 12:27:58 PDT 2021","Mon Aug 16 12:28:02 PDT 2021","3244","","AdminSecurity","","","","AdminSecurity_27",""
"failed","Mon Aug 16 12:28:21 PDT 2021","Mon Aug 16 12:28:54 PDT 2021","33026","","AdminSecurity","","","","AdminSecurity_34",""
"passed","Mon Aug 16 12:34:46 PDT 2021","Mon Aug 16 12:35:05 PDT 2021","19492","","DataEntry","","","","DataEntry_01",""
"passed","Mon Aug 16 12:16:53 PDT 2021","Mon Aug 16 12:16:58 PDT 2021","4741","","AccessRightSecurity","","","","AccessRightSecurity_21",""
"passed","Mon Aug 16 14:30:16 PDT 2021","Mon Aug 16 14:30:49 PDT 2021","33733","","EISQuestionnaireLO","","","","EISQuestionnaireLO_43",""
"passed","Mon Aug 16 15:16:47 PDT 2021","Mon Aug 16 15:17:25 PDT 2021","37852","","GriddedEmissions","","","","GriddedEmissions_05",""
"passed","Mon Aug 16 12:47:18 PDT 2021","Mon Aug 16 12:47:36 PDT 2021","17905","","EISQuestionnaire","","","","EISQuestionnaire_06",""
"failed","Mon Aug 16 12:32:21 PDT 2021","Mon Aug 16 12:32:29 PDT 2021","8048","","CompanyAndComplex","","","","CompanyAndComplex_04",""
"passed","Mon Aug 16 15:28:52 PDT 2021","Mon Aug 16 15:28:52 PDT 2021","342","","LogOn","","","","LogOn_02",""
"passed","Mon Aug 16 16:08:55 PDT 2021","Mon Aug 16 16:09:08 PDT 2021","13491","","Url","","","","Url_08",""
"passed","Mon Aug 16 13:27:02 PDT 2021","Mon Aug 16 13:27:40 PDT 2021","37758","","EISQuestionnaire","","","","EISQuestionnaire_70",""
"failed","Mon Aug 16 13:13:31 PDT 2021","Mon Aug 16 13:14:13 PDT 2021","41674","","EISQuestionnaire","","","","EISQuestionnaire_50",""
"passed","Mon Aug 16 15:52:28 PDT 2021","Mon Aug 16 15:53:04 PDT 2021","35510","","Reports","","","","Reports_06",""
"failed","Mon Aug 16 14:06:07 PDT 2021","Mon Aug 16 14:06:39 PDT 2021","32411","","EISQuestionnaireLO","","","","EISQuestionnaireLO_04",""
"passed","Mon Aug 16 12:33:12 PDT 2021","Mon Aug 16 12:33:28 PDT 2021","15635","","DashboardPortal","","","","DashboardPortal_01",""
"passed","Mon Aug 16 16:09:40 PDT 2021","Mon Aug 16 16:09:44 PDT 2021","4064","","Url","","","","Url_15",""
"passed","Mon Aug 16 13:49:39 PDT 2021","Mon Aug 16 13:50:39 PDT 2021","59892","","EISQuestionnaire","","","","EISQuestionnaire_103",""
"passed","Mon Aug 16 13:03:53 PDT 2021","Mon Aug 16 13:05:07 PDT 2021","73937","","EISQuestionnaire","","","","EISQuestionnaire_37",""
"passed","Mon Aug 16 13:28:56 PDT 2021","Mon Aug 16 13:29:40 PDT 2021","43647","","EISQuestionnaire","","","","EISQuestionnaire_73",""
"passed","Mon Aug 16 15:56:19 PDT 2021","Mon Aug 16 15:57:00 PDT 2021","40196","","Reports","","","","Reports_14",""
"passed","Mon Aug 16 15:29:13 PDT 2021","Mon Aug 16 15:29:16 PDT 2021","2779","","LogOn","","","","LogOn_10",""
"passed","Mon Aug 16 12:44:01 PDT 2021","Mon Aug 16 12:44:15 PDT 2021","13950","","EIDshBrdEmissions","","","","EIDshBrdEmissions_06",""
"passed","Mon Aug 16 15:28:51 PDT 2021","Mon Aug 16 15:28:52 PDT 2021","883","","LogOn","","","","LogOn_01",""
"passed","Mon Aug 16 14:49:53 PDT 2021","Mon Aug 16 14:50:22 PDT 2021","28590","","EISQuestionnaireLO","","","","EISQuestionnaireLO_72",""
"passed","Mon Aug 16 14:59:13 PDT 2021","Mon Aug 16 15:00:06 PDT 2021","53436","","EISQuestionnaireLO","","","","EISQuestionnaireLO_88",""
"passed","Mon Aug 16 12:36:59 PDT 2021","Mon Aug 16 12:37:09 PDT 2021","10098","","DocumentBrowser","","","","DocumentBrowser_05",""
"passed","Mon Aug 16 12:15:37 PDT 2021","Mon Aug 16 12:15:49 PDT 2021","12207","","AccessRightSecurity","","","","AccessRightSecurity_07",""
"passed","Mon Aug 16 16:03:01 PDT 2021","Mon Aug 16 16:03:31 PDT 2021","30275","","Reports","","","","Reports_27",""
"passed","Mon Aug 16 12:41:11 PDT 2021","Mon Aug 16 12:41:15 PDT 2021","4555","","DshBrdMain","","","","DshBrdMain_15",""
"passed","Mon Aug 16 13:06:50 PDT 2021","Mon Aug 16 13:07:29 PDT 2021","38946","","EISQuestionnaire","","","","EISQuestionnaire_40",""
"passed","Mon Aug 16 15:20:10 PDT 2021","Mon Aug 16 15:20:46 PDT 2021","35819","","GriddedEmissions","","","","GriddedEmissions_11",""
"passed","Mon Aug 16 15:19:35 PDT 2021","Mon Aug 16 15:20:10 PDT 2021","35686","","GriddedEmissions","","","","GriddedEmissions_10",""
"passed","Mon Aug 16 15:01:30 PDT 2021","Mon Aug 16 15:01:37 PDT 2021","6903","","EMToolsAmineGlycol","","","","EMToolsAmineGlycol_02",""
"passed","Mon Aug 16 16:09:36 PDT 2021","Mon Aug 16 16:09:40 PDT 2021","4102","","Url","","","","Url_14",""
"passed","Mon Aug 16 12:26:17 PDT 2021","Mon Aug 16 12:26:23 PDT 2021","5754","","AdminSecurity","","","","AdminSecurity_09",""
"passed","Mon Aug 16 15:24:05 PDT 2021","Mon Aug 16 15:24:49 PDT 2021","44494","","InventoryCfg","","","","InventoryCfg_03",""
"failed","Mon Aug 16 13:20:38 PDT 2021","Mon Aug 16 13:21:23 PDT 2021","45265","","EISQuestionnaire","","","","EISQuestionnaire_61",""
"passed","Mon Aug 16 12:20:27 PDT 2021","Mon Aug 16 12:20:35 PDT 2021","8583","","AccountActivity","","","","AccountActivity_11",""
"passed","Mon Aug 16 16:10:40 PDT 2021","Mon Aug 16 16:10:44 PDT 2021","3784","","Url","","","","Url_27",""
"passed","Mon Aug 16 12:16:29 PDT 2021","Mon Aug 16 12:16:34 PDT 2021","4765","","AccessRightSecurity","","","","AccessRightSecurity_16",""
"passed","Mon Aug 16 12:37:49 PDT 2021","Mon Aug 16 12:37:56 PDT 2021","6680","","DocumentBrowser","","","","DocumentBrowser_09",""
"passed","Mon Aug 16 12:46:44 PDT 2021","Mon Aug 16 12:47:02 PDT 2021","17643","","EISQuestionnaire","","","","EISQuestionnaire_04",""
"passed","Mon Aug 16 15:50:22 PDT 2021","Mon Aug 16 15:50:39 PDT 2021","16601","","PtBatchCalc","","","","PtBatchCalc_02",""
"passed","Mon Aug 16 12:15:55 PDT 2021","Mon Aug 16 12:16:01 PDT 2021","5119","","AccessRightSecurity","","","","AccessRightSecurity_09",""
"passed","Mon Aug 16 12:19:06 PDT 2021","Mon Aug 16 12:19:28 PDT 2021","21791","","AccountActivity","","","","AccountActivity_03",""
"passed","Mon Aug 16 12:15:24 PDT 2021","Mon Aug 16 12:15:37 PDT 2021","13203","","AccessRightSecurity","","","","AccessRightSecurity_06",""
"passed","Mon Aug 16 15:53:37 PDT 2021","Mon Aug 16 15:54:06 PDT 2021","28399","","Reports","","","","Reports_08",""
"failed","Mon Aug 16 12:33:02 PDT 2021","Mon Aug 16 12:33:11 PDT 2021","8334","","CompanyAndComplex","","","","CompanyAndComplex_09",""
"passed","Mon Aug 16 12:30:32 PDT 2021","Mon Aug 16 12:30:47 PDT 2021","14880","","AdminUser","","","","AdminUser_04",""
"failed","Mon Aug 16 15:51:44 PDT 2021","Mon Aug 16 15:52:00 PDT 2021","15642","","Reports","","","","Reports_04",""
"passed","Mon Aug 16 14:46:28 PDT 2021","Mon Aug 16 14:47:07 PDT 2021","38573","","EISQuestionnaireLO","","","","EISQuestionnaireLO_67",""
"passed","Mon Aug 16 15:10:01 PDT 2021","Mon Aug 16 15:10:16 PDT 2021","15130","","EqtnExpression","","","","EqtnExpression_07",""
"passed","Mon Aug 16 12:45:29 PDT 2021","Mon Aug 16 12:46:01 PDT 2021","32690","","EISQuestionnaire","","","","EISQuestionnaire_01",""
"failed","Mon Aug 16 15:58:06 PDT 2021","Mon Aug 16 15:58:29 PDT 2021","23455","","Reports","","","","Reports_18",""
"passed","Mon Aug 16 12:59:48 PDT 2021","Mon Aug 16 13:00:31 PDT 2021","42344","","EISQuestionnaire","","","","EISQuestionnaire_32",""
"failed","Mon Aug 16 14:36:02 PDT 2021","Mon Aug 16 14:36:49 PDT 2021","46261","","EISQuestionnaireLO","","","","EISQuestionnaireLO_52",""
"passed","Mon Aug 16 15:09:07 PDT 2021","Mon Aug 16 15:09:20 PDT 2021","13275","","EqtnExpression","","","","EqtnExpression_03",""
"failed","Mon Aug 16 14:48:39 PDT 2021","Mon Aug 16 14:49:23 PDT 2021","44028","","EISQuestionnaireLO","","","","EISQuestionnaireLO_70",""
"failed","Mon Aug 16 15:06:35 PDT 2021","Mon Aug 16 15:07:17 PDT 2021","41272","","EMToolsFacilityData","","","","EMToolsFacilityData_05",""
"passed","Mon Aug 16 12:19:28 PDT 2021","Mon Aug 16 12:19:35 PDT 2021","7653","","AccountActivity","","","","AccountActivity_04",""
"passed","Mon Aug 16 14:55:08 PDT 2021","Mon Aug 16 14:55:37 PDT 2021","29181","","EISQuestionnaireLO","","","","EISQuestionnaireLO_82",""
"passed","Mon Aug 16 13:39:57 PDT 2021","Mon Aug 16 13:40:28 PDT 2021","31224","","EISQuestionnaire","","","","EISQuestionnaire_89",""
"passed","Mon Aug 16 13:28:19 PDT 2021","Mon Aug 16 13:28:56 PDT 2021","37262","","EISQuestionnaire","","","","EISQuestionnaire_72",""
"passed","Mon Aug 16 12:22:52 PDT 2021","Mon Aug 16 12:23:00 PDT 2021","7649","","AccountActivity","","","","AccountActivity_25",""
"passed","Mon Aug 16 14:29:00 PDT 2021","Mon Aug 16 14:29:33 PDT 2021","32435","","EISQuestionnaireLO","","","","EISQuestionnaireLO_41",""
"passed","Mon Aug 16 12:44:37 PDT 2021","Mon Aug 16 12:44:44 PDT 2021","6306","","EIDshBrdEmissions","","","","EIDshBrdEmissions_10",""
"passed","Mon Aug 16 15:18:25 PDT 2021","Mon Aug 16 15:18:58 PDT 2021","33035","","GriddedEmissions","","","","GriddedEmissions_08",""
"passed","Mon Aug 16 16:08:51 PDT 2021","Mon Aug 16 16:08:55 PDT 2021","3746","","Url","","","","Url_07",""
"passed","Mon Aug 16 14:05:39 PDT 2021","Mon Aug 16 14:06:06 PDT 2021","27286","","EISQuestionnaireLO","","","","EISQuestionnaireLO_03",""
"passed","Mon Aug 16 13:11:25 PDT 2021","Mon Aug 16 13:11:54 PDT 2021","29606","","EISQuestionnaire","","","","EISQuestionnaire_47",""
"passed","Mon Aug 16 16:08:45 PDT 2021","Mon Aug 16 16:08:51 PDT 2021","5811","","Url","","","","Url_06",""
"passed","Mon Aug 16 12:35:31 PDT 2021","Mon Aug 16 12:35:39 PDT 2021","8399","","DataEntry","","","","DataEntry_05",""
"failed","Mon Aug 16 13:16:03 PDT 2021","Mon Aug 16 13:16:46 PDT 2021","43176","","EISQuestionnaire","","","","EISQuestionnaire_54",""
"passed","Mon Aug 16 16:06:31 PDT 2021","Mon Aug 16 16:07:08 PDT 2021","36332","","Reports","","","","Reports_36",""
"passed","Mon Aug 16 12:16:10 PDT 2021","Mon Aug 16 12:16:15 PDT 2021","4713","","AccessRightSecurity","","","","AccessRightSecurity_12",""
"passed","Mon Aug 16 15:08:58 PDT 2021","Mon Aug 16 15:09:07 PDT 2021","9290","","EqtnExpression","","","","EqtnExpression_02",""
"passed","Mon Aug 16 12:58:23 PDT 2021","Mon Aug 16 12:59:02 PDT 2021","39196","","EISQuestionnaire","","","","EISQuestionnaire_30",""
"passed","Mon Aug 16 14:41:29 PDT 2021","Mon Aug 16 14:42:05 PDT 2021","36349","","EISQuestionnaireLO","","","","EISQuestionnaireLO_60",""
"passed","Mon Aug 16 12:35:56 PDT 2021","Mon Aug 16 12:36:04 PDT 2021","8140","","DataEntry","","","","DataEntry_08",""
"passed","Mon Aug 16 14:55:38 PDT 2021","Mon Aug 16 14:56:08 PDT 2021","29692","","EISQuestionnaireLO","","","","EISQuestionnaireLO_83",""
"passed","Mon Aug 16 14:32:42 PDT 2021","Mon Aug 16 14:33:17 PDT 2021","34711","","EISQuestionnaireLO","","","","EISQuestionnaireLO_47",""
"passed","Mon Aug 16 13:27:41 PDT 2021","Mon Aug 16 13:28:18 PDT 2021","37675","","EISQuestionnaire","","","","EISQuestionnaire_71",""
"passed","Mon Aug 16 15:09:34 PDT 2021","Mon Aug 16 15:09:47 PDT 2021","13616","","EqtnExpression","","","","EqtnExpression_05",""
"failed","Mon Aug 16 15:51:13 PDT 2021","Mon Aug 16 15:51:29 PDT 2021","15283","","Reports","","","","Reports_02",""
"passed","Mon Aug 16 12:26:12 PDT 2021","Mon Aug 16 12:26:17 PDT 2021","4961","","AdminSecurity","","","","AdminSecurity_08",""
"passed","Mon Aug 16 12:16:43 PDT 2021","Mon Aug 16 12:16:48 PDT 2021","4718","","AccessRightSecurity","","","","AccessRightSecurity_19",""
"passed","Mon Aug 16 15:25:34 PDT 2021","Mon Aug 16 15:26:05 PDT 2021","31105","","InventoryCfg","","","","InventoryCfg_05",""
"passed","Mon Aug 16 12:35:39 PDT 2021","Mon Aug 16 12:35:48 PDT 2021","8140","","DataEntry","","","","DataEntry_06",""
"passed","Mon Aug 16 12:18:27 PDT 2021","Mon Aug 16 12:18:33 PDT 2021","5539","","AccessRightSecurity","","","","AccessRightSecurity_37",""
"passed","Mon Aug 16 13:03:13 PDT 2021","Mon Aug 16 13:03:52 PDT 2021","38590","","EISQuestionnaire","","","","EISQuestionnaire_36",""
"passed","Mon Aug 16 15:07:17 PDT 2021","Mon Aug 16 15:07:54 PDT 2021","36852","","EMToolsFacilityData","","","","EMToolsFacilityData_06",""
"failed","Mon Aug 16 12:26:39 PDT 2021","Mon Aug 16 12:26:48 PDT 2021","9150","","AdminSecurity","","","","AdminSecurity_13",""
"passed","Mon Aug 16 12:17:25 PDT 2021","Mon Aug 16 12:17:31 PDT 2021","5957","","AccessRightSecurity","","","","AccessRightSecurity_26",""
"passed","Mon Aug 16 14:14:31 PDT 2021","Mon Aug 16 14:15:12 PDT 2021","41179","","EISQuestionnaireLO","","","","EISQuestionnaireLO_18",""
"failed","Mon Aug 16 14:22:36 PDT 2021","Mon Aug 16 14:23:08 PDT 2021","32209","","EISQuestionnaireLO","","","","EISQuestionnaireLO_31",""
"passed","Mon Aug 16 12:31:41 PDT 2021","Mon Aug 16 12:31:50 PDT 2021","9206","","ChangeHistory","","","","ChangeHistory_03",""
"passed","Mon Aug 16 15:02:00 PDT 2021","Mon Aug 16 15:02:04 PDT 2021","4289","","EMToolsAmineGlycol","","","","EMToolsAmineGlycol_07",""
"failed","Mon Aug 16 13:19:53 PDT 2021","Mon Aug 16 13:20:38 PDT 2021","45132","","EISQuestionnaire","","","","EISQuestionnaire_60",""
"passed","Mon Aug 16 12:29:36 PDT 2021","Mon Aug 16 12:29:46 PDT 2021","9432","","AdminShadowUser","","","","AdminShadowUser_01",""
"passed","Mon Aug 16 12:35:14 PDT 2021","Mon Aug 16 12:35:22 PDT 2021","7914","","DataEntry","","","","DataEntry_03",""
"failed","Mon Aug 16 14:22:05 PDT 2021","Mon Aug 16 14:22:36 PDT 2021","31175","","EISQuestionnaireLO","","","","EISQuestionnaireLO_30",""
"passed","Mon Aug 16 16:09:08 PDT 2021","Mon Aug 16 16:09:14 PDT 2021","5796","","Url","","","","Url_09",""
"passed","Mon Aug 16 15:23:36 PDT 2021","Mon Aug 16 15:24:05 PDT 2021","28856","","InventoryCfg","","","","InventoryCfg_02",""
"passed","Mon Aug 16 14:30:50 PDT 2021","Mon Aug 16 14:31:23 PDT 2021","33523","","EISQuestionnaireLO","","","","EISQuestionnaireLO_44",""
"failed","Mon Aug 16 15:29:02 PDT 2021","Mon Aug 16 15:29:13 PDT 2021","11630","","LogOn","","","","LogOn_09",""
"failed","Mon Aug 16 12:27:38 PDT 2021","Mon Aug 16 12:27:50 PDT 2021","12816","","AdminSecurity","","","","AdminSecurity_24",""
"passed","Mon Aug 16 12:27:02 PDT 2021","Mon Aug 16 12:27:07 PDT 2021","5017","","AdminSecurity","","","","AdminSecurity_17",""
"passed","Mon Aug 16 12:40:15 PDT 2021","Mon Aug 16 12:40:19 PDT 2021","4082","","DshBrdMain","","","","DshBrdMain_04",""
"passed","Mon Aug 16 15:20:46 PDT 2021","Mon Aug 16 15:21:21 PDT 2021","34323","","GriddedEmissions","","","","GriddedEmissions_12",""
"passed","Mon Aug 16 12:20:19 PDT 2021","Mon Aug 16 12:20:26 PDT 2021","7573","","AccountActivity","","","","AccountActivity_10",""
"failed","Mon Aug 16 12:57:42 PDT 2021","Mon Aug 16 12:58:23 PDT 2021","40932","","EISQuestionnaire","","","","EISQuestionnaire_29",""
"passed","Mon Aug 16 12:23:00 PDT 2021","Mon Aug 16 12:23:09 PDT 2021","8923","","AccountActivity","","","","AccountActivity_26",""
"passed","Mon Aug 16 12:40:54 PDT 2021","Mon Aug 16 12:40:58 PDT 2021","4220","","DshBrdMain","","","","DshBrdMain_11",""
"passed","Mon Aug 16 15:01:10 PDT 2021","Mon Aug 16 15:01:15 PDT 2021","4838","","Emissions.GHG.GWP","","","","Emissions.GHG.GWP_05",""
"passed","Mon Aug 16 12:21:47 PDT 2021","Mon Aug 16 12:21:55 PDT 2021","8260","","AccountActivity","","","","AccountActivity_18",""
"failed","Mon Aug 16 12:48:11 PDT 2021","Mon Aug 16 12:48:11 PDT 2021","491","","EISQuestionnaire","","","","EISQuestionnaire_10",""
"passed","Mon Aug 16 12:28:18 PDT 2021","Mon Aug 16 12:28:21 PDT 2021","3359","","AdminSecurity","","","","AdminSecurity_32",""
"passed","Mon Aug 16 16:01:30 PDT 2021","Mon Aug 16 16:02:00 PDT 2021","30297","","Reports","","","","Reports_24",""
"passed","Mon Aug 16 12:56:08 PDT 2021","Mon Aug 16 12:57:05 PDT 2021","56791","","EISQuestionnaire","","","","EISQuestionnaire_27",""
"passed","Mon Aug 16 15:14:52 PDT 2021","Mon Aug 16 15:15:31 PDT 2021","38616","","GriddedEmissions","","","","GriddedEmissions_02",""
"failed","Mon Aug 16 14:28:18 PDT 2021","Mon Aug 16 14:29:00 PDT 2021","41960","","EISQuestionnaireLO","","","","EISQuestionnaireLO_40",""
"passed","Mon Aug 16 14:38:02 PDT 2021","Mon Aug 16 14:38:38 PDT 2021","35975","","EISQuestionnaireLO","","","","EISQuestionnaireLO_55",""
"passed","Mon Aug 16 13:07:29 PDT 2021","Mon Aug 16 13:07:56 PDT 2021","27470","","EISQuestionnaire","","","","EISQuestionnaire_41",""
"passed","Mon Aug 16 15:11:01 PDT 2021","Mon Aug 16 15:11:14 PDT 2021","13609","","EqtnExpression","","","","EqtnExpression_12",""
"failed","Mon Aug 16 13:14:47 PDT 2021","Mon Aug 16 13:15:29 PDT 2021","41611","","EISQuestionnaire","","","","EISQuestionnaire_52",""
"failed","Mon Aug 16 12:52:18 PDT 2021","Mon Aug 16 12:52:41 PDT 2021","22616","","EISQuestionnaire","","","","EISQuestionnaire_21",""
"passed","Mon Aug 16 12:42:28 PDT 2021","Mon Aug 16 12:42:52 PDT 2021","23903","","EIDshBrdEmissions","","","","EIDshBrdEmissions_01",""
"passed","Mon Aug 16 13:52:04 PDT 2021","Mon Aug 16 13:52:33 PDT 2021","29051","","EISQuestionnaire","","","","EISQuestionnaire_106",""
"failed","Mon Aug 16 12:08:49 PDT 2021","Mon Aug 16 12:09:32 PDT 2021","42101","","AccessRights","","","","AccessRights_01",""
"passed","Mon Aug 16 15:12:47 PDT 2021","Mon Aug 16 15:12:59 PDT 2021","11312","","EqtnExpression","","","","EqtnExpression_17",""
"passed","Mon Aug 16 12:10:13 PDT 2021","Mon Aug 16 12:10:54 PDT 2021","40500","","AccessRights","","","","AccessRights_03",""
"failed","Mon Aug 16 14:25:41 PDT 2021","Mon Aug 16 14:26:14 PDT 2021","33109","","EISQuestionnaireLO","","","","EISQuestionnaireLO_36",""
"passed","Mon Aug 16 15:27:55 PDT 2021","Mon Aug 16 15:28:00 PDT 2021","4973","","LockedInventory","","","","LockedInventory_10",""
"passed","Mon Aug 16 14:08:49 PDT 2021","Mon Aug 16 14:09:31 PDT 2021","41641","","EISQuestionnaireLO","","","","EISQuestionnaireLO_09",""
"failed","Mon Aug 16 12:46:13 PDT 2021","Mon Aug 16 12:46:44 PDT 2021","30754","","EISQuestionnaire","","","","EISQuestionnaire_03",""
"passed","Mon Aug 16 15:28:28 PDT 2021","Mon Aug 16 15:28:32 PDT 2021","3891","","LockedInventory","","","","LockedInventory_18",""
"passed","Mon Aug 16 12:15:50 PDT 2021","Mon Aug 16 12:15:55 PDT 2021","5888","","AccessRightSecurity","","","","AccessRightSecurity_08",""
"passed","Mon Aug 16 12:20:11 PDT 2021","Mon Aug 16 12:20:19 PDT 2021","7536","","AccountActivity","","","","AccountActivity_09",""
"passed","Mon Aug 16 15:53:04 PDT 2021","Mon Aug 16 15:53:37 PDT 2021","33305","","Reports","","","","Reports_07",""
"passed","Mon Aug 16 12:29:19 PDT 2021","Mon Aug 16 12:29:23 PDT 2021","3939","","AdminSecurity","","","","AdminSecurity_42",""
"passed","Mon Aug 16 12:36:31 PDT 2021","Mon Aug 16 12:36:39 PDT 2021","7254","","DocumentBrowser","","","","DocumentBrowser_02",""
"passed","Mon Aug 16 12:21:00 PDT 2021","Mon Aug 16 12:21:14 PDT 2021","14194","","AccountActivity","","","","AccountActivity_15",""
"passed","Mon Aug 16 12:57:05 PDT 2021","Mon Aug 16 12:57:42 PDT 2021","36533","","EISQuestionnaire","","","","EISQuestionnaire_28",""
"passed","Mon Aug 16 14:50:23 PDT 2021","Mon Aug 16 14:50:52 PDT 2021","29348","","EISQuestionnaireLO","","","","EISQuestionnaireLO_73",""
"passed","Mon Aug 16 12:27:12 PDT 2021","Mon Aug 16 12:27:17 PDT 2021","4860","","AdminSecurity","","","","AdminSecurity_19",""
"failed","Mon Aug 16 14:39:26 PDT 2021","Mon Aug 16 14:40:15 PDT 2021","48204","","EISQuestionnaireLO","","","","EISQuestionnaireLO_57",""
"passed","Mon Aug 16 12:23:09 PDT 2021","Mon Aug 16 12:23:17 PDT 2021","8014","","AccountActivity","","","","AccountActivity_27",""
"failed","Mon Aug 16 12:32:29 PDT 2021","Mon Aug 16 12:32:37 PDT 2021","8098","","CompanyAndComplex","","","","CompanyAndComplex_05",""
"passed","Mon Aug 16 15:22:29 PDT 2021","Mon Aug 16 15:22:36 PDT 2021","6709","","HelpContentConfig","","","","HelpContentConfig_03",""
"passed","Mon Aug 16 12:20:44 PDT 2021","Mon Aug 16 12:20:52 PDT 2021","7720","","AccountActivity","","","","AccountActivity_13",""
"passed","Mon Aug 16 14:13:49 PDT 2021","Mon Aug 16 14:14:31 PDT 2021","41453","","EISQuestionnaireLO","","","","EISQuestionnaireLO_17",""
"passed","Mon Aug 16 12:22:43 PDT 2021","Mon Aug 16 12:22:52 PDT 2021","8686","","AccountActivity","","","","AccountActivity_24",""
"passed","Mon Aug 16 12:31:17 PDT 2021","Mon Aug 16 12:31:33 PDT 2021","15482","","ChangeHistory","","","","ChangeHistory_01",""
"passed","Mon Aug 16 12:38:57 PDT 2021","Mon Aug 16 12:39:19 PDT 2021","22097","","DshBrdAdmin","","","","DshBrdAdmin_05",""
"passed","Mon Aug 16 15:07:55 PDT 2021","Mon Aug 16 15:08:13 PDT 2021","17922","","EMToolsFacilityMetaData","","","","EMToolsFacilityMetaData_01",""
"passed","Mon Aug 16 12:25:58 PDT 2021","Mon Aug 16 12:26:02 PDT 2021","4286","","AdminSecurity","","","","AdminSecurity_05",""
"passed","Mon Aug 16 12:53:19 PDT 2021","Mon Aug 16 12:54:13 PDT 2021","53577","","EISQuestionnaire","","","","EISQuestionnaire_23",""
"failed","Mon Aug 16 15:27:37 PDT 2021","Mon Aug 16 15:27:50 PDT 2021","13128","","LockedInventory","","","","LockedInventory_08",""
"passed","Mon Aug 16 15:57:00 PDT 2021","Mon Aug 16 15:57:34 PDT 2021","34483","","Reports","","","","Reports_15",""
"passed","Mon Aug 16 12:22:20 PDT 2021","Mon Aug 16 12:22:28 PDT 2021","8274","","AccountActivity","","","","AccountActivity_21",""
"passed","Mon Aug 16 12:21:55 PDT 2021","Mon Aug 16 12:22:12 PDT 2021","17144","","AccountActivity","","","","AccountActivity_19",""
"passed","Mon Aug 16 15:28:12 PDT 2021","Mon Aug 16 15:28:16 PDT 2021","4000","","LockedInventory","","","","LockedInventory_14",""
"passed","Mon Aug 16 13:33:38 PDT 2021","Mon Aug 16 13:34:18 PDT 2021","39477","","EISQuestionnaire","","","","EISQuestionnaire_79",""
"passed","Mon Aug 16 14:16:56 PDT 2021","Mon Aug 16 14:17:39 PDT 2021","42882","","EISQuestionnaireLO","","","","EISQuestionnaireLO_21",""
"passed","Mon Aug 16 15:27:13 PDT 2021","Mon Aug 16 15:27:24 PDT 2021","11299","","LockedInventory","","","","LockedInventory_06",""
"passed","Mon Aug 16 12:29:30 PDT 2021","Mon Aug 16 12:29:34 PDT 2021","4071","","AdminSecurity","","","","AdminSecurity_45",""
"passed","Mon Aug 16 15:22:23 PDT 2021","Mon Aug 16 15:22:29 PDT 2021","6359","","HelpContentConfig","","","","HelpContentConfig_02",""
"failed","Mon Aug 16 13:46:19 PDT 2021","Mon Aug 16 13:47:11 PDT 2021","52725","","EISQuestionnaire","","","","EISQuestionnaire_99",""
"passed","Mon Aug 16 15:23:16 PDT 2021","Mon Aug 16 15:23:25 PDT 2021","8804","","HelpContentConfig","","","","HelpContentConfig_05",""
"failed","Mon Aug 16 16:09:20 PDT 2021","Mon Aug 16 16:09:28 PDT 2021","8039","","Url","","","","Url_11",""
"passed","Mon Aug 16 12:23:17 PDT 2021","Mon Aug 16 12:23:37 PDT 2021","19797","","AccountActivity","","","","AccountActivity_28",""
"passed","Mon Aug 16 13:16:46 PDT 2021","Mon Aug 16 13:17:20 PDT 2021","33508","","EISQuestionnaire","","","","EISQuestionnaire_55",""
"passed","Mon Aug 16 12:40:11 PDT 2021","Mon Aug 16 12:40:15 PDT 2021","3360","","DshBrdMain","","","","DshBrdMain_03",""
"passed","Mon Aug 16 14:06:39 PDT 2021","Mon Aug 16 14:07:08 PDT 2021","29215","","EISQuestionnaireLO","","","","EISQuestionnaireLO_05",""
"passed","Mon Aug 16 15:01:49 PDT 2021","Mon Aug 16 15:01:55 PDT 2021","6715","","EMToolsAmineGlycol","","","","EMToolsAmineGlycol_05",""
"passed","Mon Aug 16 15:05:19 PDT 2021","Mon Aug 16 15:05:40 PDT 2021","21059","","EMToolsCERS","","","","EMToolsCERS_07",""
"passed","Mon Aug 16 15:08:15 PDT 2021","Mon Aug 16 15:08:41 PDT 2021","26305","","EMToolsGHG","","","","EMToolsGHG_01",""
"failed","Mon Aug 16 14:34:01 PDT 2021","Mon Aug 16 14:34:46 PDT 2021","44682","","EISQuestionnaireLO","","","","EISQuestionnaireLO_49",""
"failed","Mon Aug 16 15:14:28 PDT 2021","Mon Aug 16 15:14:52 PDT 2021","24563","","GriddedEmissions","","","","GriddedEmissions_01",""
"passed","Mon Aug 16 15:10:16 PDT 2021","Mon Aug 16 15:10:24 PDT 2021","8325","","EqtnExpression","","","","EqtnExpression_08",""
"passed","Mon Aug 16 15:13:51 PDT 2021","Mon Aug 16 15:13:57 PDT 2021","5738","","FacilityProfile","","","","FacilityProfile_06",""
"skipped","Mon Aug 16 12:29:13 PDT 2021","Mon Aug 16 12:29:13 PDT 2021","1","","AdminSecurity","","","","AdminSecurity_38",""
"passed","Mon Aug 16 12:14:56 PDT 2021","Mon Aug 16 12:15:01 PDT 2021","5275","","AccessRightSecurity","","","","AccessRightSecurity_02",""
"passed","Mon Aug 16 15:48:07 PDT 2021","Mon Aug 16 15:48:22 PDT 2021","14963","","Map","","","","Map_04",""
"passed","Mon Aug 16 12:18:38 PDT 2021","Mon Aug 16 12:18:43 PDT 2021","5066","","AccessRightSecurity","","","","AccessRightSecurity_39",""
"passed","Mon Aug 16 15:46:42 PDT 2021","Mon Aug 16 15:47:15 PDT 2021","33110","","LogOn","","","","LogOn_14",""
"passed","Mon Aug 16 15:48:37 PDT 2021","Mon Aug 16 15:48:54 PDT 2021","16510","","Map","","","","Map_06",""
"failed","Mon Aug 16 16:03:31 PDT 2021","Mon Aug 16 16:03:54 PDT 2021","22902","","Reports","","","","Reports_28",""
"passed","Mon Aug 16 12:18:57 PDT 2021","Mon Aug 16 12:19:03 PDT 2021","5984","","AccessRightSecurity","","","","AccessRightSecurity_42",""
"passed","Mon Aug 16 12:26:48 PDT 2021","Mon Aug 16 12:26:52 PDT 2021","4727","","AdminSecurity","","","","AdminSecurity_14",""
"passed","Mon Aug 16 15:28:00 PDT 2021","Mon Aug 16 15:28:04 PDT 2021","3842","","LockedInventory","","","","LockedInventory_11",""
"failed","Mon Aug 16 16:08:33 PDT 2021","Mon Aug 16 16:08:41 PDT 2021","8006","","Url","","","","Url_03",""
"passed","Mon Aug 16 14:40:52 PDT 2021","Mon Aug 16 14:41:28 PDT 2021","36255","","EISQuestionnaireLO","","","","EISQuestionnaireLO_59",""
"passed","Mon Aug 16 12:17:39 PDT 2021","Mon Aug 16 12:17:44 PDT 2021","4891","","AccessRightSecurity","","","","AccessRightSecurity_28",""
"passed","Mon Aug 16 12:35:06 PDT 2021","Mon Aug 16 12:35:14 PDT 2021","8158","","DataEntry","","","","DataEntry_02",""
"passed","Mon Aug 16 14:19:55 PDT 2021","Mon Aug 16 14:20:29 PDT 2021","34260","","EISQuestionnaireLO","","","","EISQuestionnaireLO_26",""
"passed","Mon Aug 16 13:40:29 PDT 2021","Mon Aug 16 13:41:00 PDT 2021","30860","","EISQuestionnaire","","","","EISQuestionnaire_90",""
"passed","Mon Aug 16 16:08:23 PDT 2021","Mon Aug 16 16:08:29 PDT 2021","6157","","Url","","","","Url_01",""
"passed","Mon Aug 16 14:42:06 PDT 2021","Mon Aug 16 14:42:48 PDT 2021","41358","","EISQuestionnaireLO","","","","EISQuestionnaireLO_61",""
"failed","Mon Aug 16 13:54:31 PDT 2021","Mon Aug 16 13:56:15 PDT 2021","103724","","EISQuestionnaire","","","","EISQuestionnaire_108",""
"passed","Mon Aug 16 16:09:54 PDT 2021","Mon Aug 16 16:09:57 PDT 2021","3600","","Url","","","","Url_18",""
"passed","Mon Aug 16 12:29:27 PDT 2021","Mon Aug 16 12:29:30 PDT 2021","3641","","AdminSecurity","","","","AdminSecurity_44",""
"passed","Mon Aug 16 15:12:59 PDT 2021","Mon Aug 16 15:13:08 PDT 2021","9455","","EqtnExpression","","","","EqtnExpression_18",""
"passed","Mon Aug 16 15:28:32 PDT 2021","Mon Aug 16 15:28:36 PDT 2021","4075","","LockedInventory","","","","LockedInventory_19",""
"failed","Mon Aug 16 14:31:24 PDT 2021","Mon Aug 16 14:32:07 PDT 2021","43258","","EISQuestionnaireLO","","","","EISQuestionnaireLO_45",""
"passed","Mon Aug 16 12:37:56 PDT 2021","Mon Aug 16 12:38:03 PDT 2021","7010","","DocumentBrowser","","","","DocumentBrowser_10",""
"passed","Mon Aug 16 12:31:51 PDT 2021","Mon Aug 16 12:31:57 PDT 2021","5316","","CompanyAndComplex","","","","CompanyAndComplex_01",""
"passed","Mon Aug 16 15:13:27 PDT 2021","Mon Aug 16 15:13:33 PDT 2021","5379","","FacilityProfile","","","","FacilityProfile_01",""
"passed","Mon Aug 16 14:07:08 PDT 2021","Mon Aug 16 14:07:38 PDT 2021","29577","","EISQuestionnaireLO","","","","EISQuestionnaireLO_06",""
"passed","Mon Aug 16 15:47:52 PDT 2021","Mon Aug 16 15:48:07 PDT 2021","15118","","Map","","","","Map_03",""
"passed","Mon Aug 16 12:35:48 PDT 2021","Mon Aug 16 12:35:56 PDT 2021","8131","","DataEntry","","","","DataEntry_07",""
"failed","Mon Aug 16 14:33:17 PDT 2021","Mon Aug 16 14:34:01 PDT 2021","44185","","EISQuestionnaireLO","","","","EISQuestionnaireLO_48",""
"passed","Mon Aug 16 12:43:11 PDT 2021","Mon Aug 16 12:43:28 PDT 2021","17076","","EIDshBrdEmissions","","","","EIDshBrdEmissions_03",""
"passed","Mon Aug 16 12:15:01 PDT 2021","Mon Aug 16 12:15:13 PDT 2021","11716","","AccessRightSecurity","","","","AccessRightSecurity_03",""
"failed","Mon Aug 16 12:48:10 PDT 2021","Mon Aug 16 12:48:11 PDT 2021","500","","EISQuestionnaire","","","","EISQuestionnaire_09",""
"failed","Mon Aug 16 12:34:05 PDT 2021","Mon Aug 16 12:34:22 PDT 2021","16376","","DashboardPortal","","","","DashboardPortal_04",""
"passed","Mon Aug 16 12:16:15 PDT 2021","Mon Aug 16 12:16:20 PDT 2021","4712","","AccessRightSecurity","","","","AccessRightSecurity_13",""
"passed","Mon Aug 16 12:16:48 PDT 2021","Mon Aug 16 12:16:53 PDT 2021","4716","","AccessRightSecurity","","","","AccessRightSecurity_20",""
"failed","Mon Aug 16 14:10:45 PDT 2021","Mon Aug 16 14:11:22 PDT 2021","36844","","EISQuestionnaireLO","","","","EISQuestionnaireLO_12",""
"failed","Mon Aug 16 12:59:03 PDT 2021","Mon Aug 16 12:59:48 PDT 2021","45262","","EISQuestionnaire","","","","EISQuestionnaire_31",""
"passed","Mon Aug 16 14:45:10 PDT 2021","Mon Aug 16 14:45:48 PDT 2021","37963","","EISQuestionnaireLO","","","","EISQuestionnaireLO_65",""
"passed","Mon Aug 16 12:30:09 PDT 2021","Mon Aug 16 12:30:32 PDT 2021","23373","","AdminUser","","","","AdminUser_03",""
"passed","Mon Aug 16 12:16:05 PDT 2021","Mon Aug 16 12:16:10 PDT 2021","4744","","AccessRightSecurity","","","","AccessRightSecurity_11",""
"passed","Mon Aug 16 13:41:33 PDT 2021","Mon Aug 16 13:42:05 PDT 2021","31216","","EISQuestionnaire","","","","EISQuestionnaire_92",""
"passed","Mon Aug 16 12:40:03 PDT 2021","Mon Aug 16 12:40:07 PDT 2021","4869","","DshBrdMain","","","","DshBrdMain_01",""
"passed","Mon Aug 16 12:44:44 PDT 2021","Mon Aug 16 12:45:04 PDT 2021","20108","","EIDshBrdEmissions","","","","EIDshBrdEmissions_11",""
"passed","Mon Aug 16 15:57:34 PDT 2021","Mon Aug 16 15:58:06 PDT 2021","31241","","Reports","","","","Reports_17",""
"passed","Mon Aug 16 12:42:01 PDT 2021","Mon Aug 16 12:42:05 PDT 2021","4079","","DshBrdMain","","","","DshBrdMain_21",""
"failed","Mon Aug 16 14:57:40 PDT 2021","Mon Aug 16 14:58:25 PDT 2021","45835","","EISQuestionnaireLO","","","","EISQuestionnaireLO_86",""
"passed","Mon Aug 16 15:26:41 PDT 2021","Mon Aug 16 15:26:46 PDT 2021","4621","","LockedInventory","","","","LockedInventory_02",""
"passed","Mon Aug 16 16:11:14 PDT 2021","Mon Aug 16 16:11:31 PDT 2021","17478","","WizEISExpImp","","","","WizEISExpImp_02",""
"passed","Mon Aug 16 12:40:29 PDT 2021","Mon Aug 16 12:40:35 PDT 2021","6092","","DshBrdMain","","","","DshBrdMain_06",""
"passed","Mon Aug 16 12:25:48 PDT 2021","Mon Aug 16 12:25:54 PDT 2021","5226","","AdminSecurity","","","","AdminSecurity_03",""
"passed","Mon Aug 16 12:18:11 PDT 2021","Mon Aug 16 12:18:16 PDT 2021","4723","","AccessRightSecurity","","","","AccessRightSecurity_34",""
"failed","Mon Aug 16 14:47:08 PDT 2021","Mon Aug 16 14:47:55 PDT 2021","46700","","EISQuestionnaireLO","","","","EISQuestionnaireLO_68",""
"passed","Mon Aug 16 15:01:00 PDT 2021","Mon Aug 16 15:01:05 PDT 2021","4814","","Emissions.GHG.GWP","","","","Emissions.GHG.GWP_03",""
"failed","Mon Aug 16 14:27:04 PDT 2021","Mon Aug 16 14:27:45 PDT 2021","40351","","EISQuestionnaireLO","","","","EISQuestionnaireLO_38",""
"passed","Mon Aug 16 12:24:36 PDT 2021","Mon Aug 16 12:24:44 PDT 2021","7917","","AdminGroups","","","","AdminGroups_01",""
"passed","Mon Aug 16 12:41:38 PDT 2021","Mon Aug 16 12:41:46 PDT 2021","7303","","DshBrdMain","","","","DshBrdMain_18",""
"passed","Mon Aug 16 15:47:16 PDT 2021","Mon Aug 16 15:47:34 PDT 2021","17493","","Map","","","","Map_01",""
"passed","Mon Aug 16 14:32:07 PDT 2021","Mon Aug 16 14:32:41 PDT 2021","34287","","EISQuestionnaireLO","","","","EISQuestionnaireLO_46",""
"passed","Mon Aug 16 12:27:32 PDT 2021","Mon Aug 16 12:27:37 PDT 2021","4993","","AdminSecurity","","","","AdminSecurity_23",""
"passed","Mon Aug 16 15:09:20 PDT 2021","Mon Aug 16 15:09:34 PDT 2021","13273","","EqtnExpression","","","","EqtnExpression_04",""
"passed","Mon Aug 16 15:13:38 PDT 2021","Mon Aug 16 15:13:42 PDT 2021","3717","","FacilityProfile","","","","FacilityProfile_03",""
"passed","Mon Aug 16 14:24:37 PDT 2021","Mon Aug 16 14:25:08 PDT 2021","30413","","EISQuestionnaireLO","","","","EISQuestionnaireLO_34",""
"passed","Mon Aug 16 16:09:50 PDT 2021","Mon Aug 16 16:09:54 PDT 2021","3888","","Url","","","","Url_17",""
"passed","Mon Aug 16 12:40:59 PDT 2021","Mon Aug 16 12:41:03 PDT 2021","4010","","DshBrdMain","","","","DshBrdMain_12",""
"failed","Mon Aug 16 14:15:13 PDT 2021","Mon Aug 16 14:15:53 PDT 2021","40953","","EISQuestionnaireLO","","","","EISQuestionnaireLO_19",""
"failed","Mon Aug 16 14:56:08 PDT 2021","Mon Aug 16 14:56:53 PDT 2021","45001","","EISQuestionnaireLO","","","","EISQuestionnaireLO_84",""
"passed","Mon Aug 16 12:22:36 PDT 2021","Mon Aug 16 12:22:43 PDT 2021","7584","","AccountActivity","","","","AccountActivity_23",""
"passed","Mon Aug 16 12:22:28 PDT 2021","Mon Aug 16 12:22:36 PDT 2021","7740","","AccountActivity","","","","AccountActivity_22",""
"passed","Mon Aug 16 12:27:27 PDT 2021","Mon Aug 16 12:27:32 PDT 2021","5063","","AdminSecurity","","","","AdminSecurity_22",""
"passed","Mon Aug 16 14:54:38 PDT 2021","Mon Aug 16 14:55:07 PDT 2021","29389","","EISQuestionnaireLO","","","","EISQuestionnaireLO_81",""
"passed","Mon Aug 16 12:42:18 PDT 2021","Mon Aug 16 12:42:22 PDT 2021","4165","","DshBrdMain","","","","DshBrdMain_29",""
"passed","Mon Aug 16 15:01:37 PDT 2021","Mon Aug 16 15:01:42 PDT 2021","4413","","EMToolsAmineGlycol","","","","EMToolsAmineGlycol_03",""
"passed","Mon Aug 16 12:35:22 PDT 2021","Mon Aug 16 12:35:31 PDT 2021","8752","","DataEntry","","","","DataEntry_04",""
"passed","Mon Aug 16 15:04:02 PDT 2021","Mon Aug 16 15:04:24 PDT 2021","22272","","EMToolsCERS","","","","EMToolsCERS_03",""
"passed","Mon Aug 16 12:26:28 PDT 2021","Mon Aug 16 12:26:34 PDT 2021","5336","","AdminSecurity","","","","AdminSecurity_11",""
"passed","Mon Aug 16 12:18:43 PDT 2021","Mon Aug 16 12:18:48 PDT 2021","5121","","AccessRightSecurity","","","","AccessRightSecurity_40",""
"passed","Mon Aug 16 14:10:12 PDT 2021","Mon Aug 16 14:10:45 PDT 2021","32584","","EISQuestionnaireLO","","","","EISQuestionnaireLO_11",""
"passed","Mon Aug 16 15:28:52 PDT 2021","Mon Aug 16 15:28:53 PDT 2021","621","","LogOn","","","","LogOn_03",""
"passed","Mon Aug 16 15:01:16 PDT 2021","Mon Aug 16 15:01:30 PDT 2021","13967","","EMToolsAmineGlycol","","","","EMToolsAmineGlycol_01",""
"passed","Mon Aug 16 13:39:24 PDT 2021","Mon Aug 16 13:39:56 PDT 2021","31439","","EISQuestionnaire","","","","EISQuestionnaire_88",""
"failed","Mon Aug 16 16:05:41 PDT 2021","Mon Aug 16 16:06:06 PDT 2021","24963","","Reports","","","","Reports_33",""
"passed","Mon Aug 16 15:27:50 PDT 2021","Mon Aug 16 15:27:55 PDT 2021","4924","","LockedInventory","","","","LockedInventory_09",""
"passed","Mon Aug 16 12:17:03 PDT 2021","Mon Aug 16 12:17:09 PDT 2021","6941","","AccessRightSecurity","","","","AccessRightSecurity_23",""
"passed","Mon Aug 16 16:10:09 PDT 2021","Mon Aug 16 16:10:18 PDT 2021","9351","","Url","","","","Url_21",""
"passed","Mon Aug 16 16:07:44 PDT 2021","Mon Aug 16 16:08:21 PDT 2021","36280","","Reports","","","","Reports_38",""
"passed","Mon Aug 16 15:29:01 PDT 2021","Mon Aug 16 15:29:02 PDT 2021","935","","LogOn","","","","LogOn_08",""
